,user_id,reranked_own_rec
0,1,"[1131115, 883616, 1005186, 940947, 1041796]"
1,2,[]
2,3,"[913210, 6534035, 983584, 8090521, 1092937]"
3,6,"[5569230, 1024306, 948650, 5569845, 863447]"
4,7,"[5568378, 1122358, 5590695, 5981267, 1062002]"
5,8,"[5569230, 5569471, 825749, 12172071, 872137]"
6,9,"[889692, 9297474, 851683, 6039859, 937292]"
7,10,[]
8,13,"[862070, 951197, 1029743, 898466, 1028953]"
9,14,"[13876901, 902377, 1123106, 1025611, 965693]"
10,15,"[13073175, 1098248, 1026118, 1081177, 845208]"
11,16,"[1029743, 1126899, 1106523, 860361, 878996]"
12,18,"[831628, 878715, 1053628, 951412, 913210]"
13,19,"[939900, 844179, 863447, 1044078, 1068292]"
14,20,"[1126899, 995965, 1016709, 1002850, 945611]"
15,21,[]
16,22,"[1082185, 991874, 1070820, 1047619, 995965]"
17,23,"[1075368, 849202, 1034176, 1005274, 1004436]"
18,24,"[1101010, 935993, 863885, 986912, 1082185]"
19,25,"[979877, 929018, 5568378, 885863, 844179]"
20,26,"[5585510, 1025611, 870882, 1081533, 1051323]"
21,27,"[1029252, 883186, 1101589, 949965, 1046584]"
22,28,"[13213604, 870882, 8090546, 6534030, 8090513]"
23,29,"[993638, 849202, 1131344, 1098284, 846823]"
24,30,"[6534480, 1106523, 1029743, 1070820, 1126899]"
25,31,"[896085, 982469, 1055504, 1126899, 1040807]"
26,32,"[1024319, 1005186, 5568249, 901062, 944836]"
27,33,"[1106523, 986912, 1084036, 8090537, 1005186]"
28,34,"[1029743, 1081177, 1106523, 1070820, 1126899]"
29,35,"[940947, 5569230, 993638, 1126899, 986912]"
30,36,"[1024306, 1084310, 865705, 863885, 5564901]"
31,37,"[1097001, 1067695, 916990, 5569792, 5574377]"
32,39,"[1126899, 6602697, 6513713, 1127716, 5569374]"
33,40,"[6034857, 1112205, 835279, 1128240, 913210]"
34,41,"[12810393, 865705, 13072944, 9419888, 1126899]"
35,42,"[6602697, 943522, 829621, 916122, 5995177]"
36,43,"[1106523, 1029743, 1126899, 1070820, 1005186]"
37,46,"[1121360, 823704, 999104, 862335, 882247]"
38,47,"[870882, 6534077, 1110843, 872137, 8090537]"
39,49,"[1074333, 1070820, 863447, 901067, 1086061]"
40,50,[]
41,51,[]
42,52,"[1074754, 1116020, 972665, 995478, 1060408]"
43,53,"[5569471, 999858, 1006184, 1042697, 1110111]"
44,55,"[871756, 1116589, 904815, 883932, 883202]"
45,56,"[5569230, 1101010, 9655212, 9803545, 832678]"
46,57,"[882305, 842264, 829852, 1046816, 848319]"
47,58,"[5569374, 909714, 1054539, 1055425, 5567702]"
48,59,"[1045586, 856942, 1056509, 852360, 1092937]"
49,62,[]
50,63,"[5569230, 1106523, 1029743, 1081177, 5569471]"
51,64,"[949023, 1013928, 1085983, 874972, 7152455]"
52,65,"[1070820, 948670, 986912, 6534480, 871722]"
53,67,"[933835, 1128016, 9420067, 965530, 1118946]"
54,68,"[1029743, 1101010, 1068719, 1082990, 1004906]"
55,69,"[6602697, 1127470, 1037631, 823990, 956486]"
56,70,"[999858, 1044078, 1029743, 844179, 1106523]"
57,71,"[1008288, 1056509, 12302069, 1031316, 12301100]"
58,72,"[9859060, 1005274, 938596, 865705, 5585510]"
59,75,"[5568378, 5569230, 5569471, 1029743, 1122358]"
60,77,"[1106523, 955921, 1126899, 5569471, 849578]"
61,78,"[1082185, 835098, 12172240, 6773232, 952972]"
62,79,"[13213604, 849697, 1120261, 1070820, 883932]"
63,80,"[1132771, 986912, 1005186, 993638, 922561]"
64,81,"[1044078, 944534, 888054, 902377, 971922]"
65,82,"[12810464, 819308, 1084036, 1070702, 1055504]"
66,83,"[1029743, 1106523, 5569230, 5569471, 1126899]"
67,84,"[1029743, 879504, 1106523, 951590, 13876901]"
68,85,"[8203851, 1139782, 938596, 965530, 1005186]"
69,86,"[865026, 1132771, 854852, 925694, 899201]"
70,87,"[6391089, 1079528, 1048257, 13381584, 866211]"
71,88,"[929018, 1051211, 1089025, 843464, 1082990]"
72,90,"[862535, 1135552, 986912, 940947, 917438]"
73,91,"[9831557, 1029743, 989275, 1059823, 999198]"
74,92,"[9547021, 845208, 12757316, 6548453, 6391089]"
75,94,"[1005186, 1007136, 7166863, 961979, 1004906]"
76,95,"[1088771, 1090587, 933835, 12810391, 922561]"
77,97,"[1075368, 835618, 880888, 896862, 976199]"
78,98,"[15972298, 1091858, 847241, 12949590, 1129610]"
79,99,"[999563, 12782182, 6034857, 854852, 916993]"
80,100,[]
81,101,"[5569230, 1106523, 5569471, 1121360, 12731432]"
82,103,"[1106523, 1029743, 5569471, 1070820, 1126899]"
83,104,"[1069506, 851066, 919534, 837569, 882604]"
84,105,"[8067128, 982955, 6391381, 854405, 12810393]"
85,106,"[6034857, 12171656, 1138487, 916122, 5569230]"
86,107,[]
87,109,"[880150, 1089025, 862682, 1126899, 1094924]"
88,110,"[928749, 899624, 12301100, 896862, 1012587]"
89,111,"[849202, 854754, 909268, 1129049, 1113274]"
90,112,"[933835, 1005186, 5569230, 5569471, 1062128]"
91,113,"[13115914, 1070820, 7410348, 976199, 947427]"
92,114,"[1107973, 948086, 856942, 10344585, 5568489]"
93,115,"[983584, 941797, 1139786, 994223, 918598]"
94,116,"[5569230, 5569471, 8090521, 1029743, 1019637]"
95,117,"[940947, 995965, 852360, 948670, 1072693]"
96,118,"[1082185, 1091793, 1083043, 13381584, 1030182]"
97,119,"[1098844, 871722, 1138443, 986912, 862010]"
98,121,"[8090537, 863447, 8203851, 989069, 1038663]"
99,122,"[940947, 1132771, 959737, 1007512, 5569230]"
100,123,"[1126899, 1056509, 5569471, 1005186, 944534]"
101,124,"[957063, 892531, 1115175, 1106523, 1131344]"
102,125,"[999104, 1121694, 834117, 8090521, 8090537]"
103,126,[]
104,127,"[839243, 1075368, 854852, 6548453, 1026118]"
105,128,"[1082185, 6548453, 901062, 835098, 878285]"
106,131,"[893018, 12731517, 6979545, 1051323, 8090537]"
107,132,"[999198, 854852, 870428, 1126899, 5588161]"
108,133,"[1006906, 899459, 5569230, 1022254, 1053016]"
109,134,[]
110,135,"[883202, 1106523, 13115501, 1029743, 5569230]"
111,136,"[5569230, 8090521, 8090537, 8090509, 12731432]"
112,138,"[1098844, 1070820, 5585510, 6464147, 1006906]"
113,139,"[1005898, 907099, 1038692, 968695, 6034857]"
114,140,[]
115,141,[]
116,142,"[1012315, 1013826, 1082212, 891118, 997011]"
117,143,"[883068, 12731714, 1106523, 870428, 5569230]"
118,146,[]
119,151,"[948086, 963365, 872137, 976199, 6602697]"
120,153,"[1006063, 1029743, 1106523, 5569471, 1070820]"
121,156,"[1000753, 911311, 9935616, 1024306, 982790]"
122,157,"[1083446, 6039687, 1042616, 993379, 1098844]"
123,158,"[1128240, 12731714, 999858, 1131344, 1029743]"
124,159,"[853124, 1012587, 825289, 978129, 846823]"
125,160,"[865456, 1138423, 1005186, 986912, 819978]"
126,161,"[835098, 5568378, 1085357, 1051323, 865528]"
127,162,"[13115501, 1070820, 1029743, 989275, 964521]"
128,164,"[917427, 894439, 995628, 862010, 839419]"
129,166,"[951590, 1029743, 1106523, 1075368, 889509]"
130,167,"[1106523, 1029743, 1048257, 922561, 956672]"
131,168,[]
132,169,[]
133,171,"[1029743, 1044078, 1106523, 829291, 1012922]"
134,172,"[13158064, 891632, 829722, 1053329, 1118046]"
135,174,[]
136,178,"[1024319, 1129610, 951176, 963686, 949023]"
137,183,"[1106523, 1026118, 9420337, 986912, 1135476]"
138,184,"[918345, 896085, 9187298, 1075368, 6602590]"
139,185,"[8273833, 844179, 5569471, 1125530, 1056509]"
140,187,[]
141,188,"[863447, 1005186, 5569374, 933067, 1062572]"
142,190,[]
143,191,"[5568378, 1102067, 1029743, 1106523, 940947]"
144,192,"[1029743, 994685, 947201, 1082212, 5569230]"
145,193,"[904435, 8090537, 957736, 983584, 1098844]"
146,194,"[982449, 1051468, 845208, 892376, 951412]"
147,195,"[12811532, 947201, 1042765, 1062128, 1022254]"
148,196,"[1000753, 926905, 1034176, 1099164, 12301100]"
149,197,"[838186, 1126899, 12810393, 1005274, 917438]"
150,198,"[835098, 971474, 907631, 886395, 899624]"
151,199,"[1005186, 863447, 1029743, 1091365, 1110843]"
152,200,"[1095227, 12757316, 972416, 12731714, 832678]"
153,201,"[838186, 12427353, 5569327, 6034857, 5567502]"
154,202,[]
155,203,"[1029743, 839419, 5569471, 1070820, 1005186]"
156,204,"[1106523, 1029743, 1110843, 1070820, 1126899]"
157,205,"[1082185, 1106523, 1026118, 1051516, 1110409]"
158,208,"[965766, 865456, 1070820, 879504, 846823]"
159,209,"[8358065, 910032, 851287, 8090532, 831628]"
160,210,"[12811532, 944534, 999779, 1135258, 1051323]"
161,211,"[998444, 945662, 12302069, 883932, 1081177]"
162,212,"[832442, 8090521, 1115175, 8090513, 6534030]"
163,213,[]
164,214,"[13213604, 944836, 1005274, 6391381, 8011291]"
165,215,"[916993, 859427, 1000237, 1024306, 1097418]"
166,216,"[974204, 1067606, 1011926, 6533936, 825006]"
167,217,"[986912, 5569471, 1070702, 897954, 932949]"
168,218,"[6463949, 6513713, 894439, 1026118, 1115175]"
169,219,"[1098844, 1024306, 6533681, 9653535, 1127831]"
170,220,"[9803545, 951590, 933067, 839419, 883932]"
171,221,"[15926886, 12427353, 6424464, 1040807, 1101010]"
172,222,"[878996, 866211, 1094190, 6039859, 847066]"
173,224,"[1106523, 13158064, 6534035, 913210, 5569230]"
174,225,"[933067, 1029743, 998119, 5569792, 844179]"
175,226,"[5569327, 933067, 891505, 1056509, 1102416]"
176,227,"[890955, 1125391, 996009, 912860, 1029743]"
177,228,"[1055504, 1126899, 885290, 5569471, 1139782]"
178,230,"[1021116, 1124695, 8090537, 1008547, 913210]"
179,232,"[1014388, 901062, 1006483, 831628, 1135258]"
180,233,"[5569471, 5569230, 5569845, 862535, 935842]"
181,235,"[983584, 5573375, 5565202, 1070820, 1121384]"
182,236,"[849202, 6602697, 1126899, 838186, 1121384]"
183,239,"[5995626, 850925, 12731685, 12731714, 1101010]"
184,240,"[1029743, 1106523, 1070820, 5568378, 6034857]"
185,241,[]
186,242,"[854852, 939681, 908283, 9677366, 978343]"
187,243,"[6034857, 901062, 1126899, 9483753, 909714]"
188,244,"[1131115, 929018, 12949855, 834117, 913210]"
189,245,"[933835, 1029743, 1106523, 947858, 957232]"
190,246,"[1127328, 1005186, 1063207, 1110843, 916122]"
191,247,"[986912, 1044188, 9419487, 905636, 8090537]"
192,248,"[9884484, 9881593, 1126899, 6534480, 913210]"
193,249,"[1029743, 5569230, 999779, 1068292, 1024306]"
194,250,"[15972298, 904812, 1128016, 965842, 982955]"
195,251,"[1070820, 965693, 879504, 1040807, 1041688]"
196,252,[]
197,253,"[832678, 1022254, 12731685, 5568378, 846823]"
198,254,"[916122, 1004906, 1029743, 901062, 6034857]"
199,256,"[885406, 964520, 9858920, 957736, 12987976]"
200,257,"[988697, 1093413, 819978, 1106523, 918046]"
201,258,"[6034857, 9526572, 1048257, 1070820, 1126899]"
202,259,"[1087605, 940947, 1029743, 5569230, 1106523]"
203,260,"[849202, 1004906, 865456, 1029743, 1007136]"
204,262,"[1124971, 1101010, 1040807, 926905, 933835]"
205,263,"[1029743, 937928, 831063, 940947, 1101010]"
206,264,[]
207,265,[]
208,266,[]
209,267,"[935393, 5569230, 5569471, 8090521, 1075368]"
210,268,[]
211,269,"[863447, 12731544, 1042697, 1026984, 1139782]"
212,270,[]
213,271,"[986912, 940947, 849202, 1005186, 819978]"
214,273,"[6979579, 856818, 1138423, 6534480, 990869]"
215,274,[]
216,275,"[1106523, 918638, 12810389, 12731544, 1081262]"
217,276,"[835300, 825317, 1075368, 5569471, 8090521]"
218,278,"[9833277, 1138443, 866548, 1124971, 953561]"
219,280,"[12731544, 1106523, 1135258, 6602729, 999625]"
220,281,"[1070820, 972191, 1104343, 916758, 934399]"
221,282,"[916122, 1055504, 5571261, 957736, 901062]"
222,283,"[984680, 1010681, 990797, 7409644, 1070820]"
223,284,[]
224,285,"[12811532, 944534, 1013389, 10344586, 12262978]"
225,286,"[845208, 866211, 940726, 854852, 832442]"
226,287,"[5568729, 1106523, 9296919, 1051323, 892531]"
227,288,"[1082185, 6534201, 1070820, 1026118, 1098844]"
228,289,"[864279, 1051468, 13071902, 1125497, 909714]"
229,290,"[947798, 1108168, 12731621, 1013928, 9527159]"
230,291,"[911311, 1005186, 983584, 5568378, 5569327]"
231,292,"[1106523, 1070702, 1013928, 5569230, 986912]"
232,294,"[1106523, 12811532, 1048068, 9245108, 913210]"
233,297,"[874972, 1075368, 907631, 1089025, 1097001]"
234,300,"[944534, 12302069, 935578, 823990, 9836106]"
235,301,"[6039592, 1046562, 1074333, 874972, 12428017]"
236,302,"[1027168, 892531, 1115175, 5569327, 1005274]"
237,303,"[1101010, 5569230, 6534074, 982790, 819978]"
238,304,"[1122358, 9527184, 871061, 825365, 854405]"
239,305,"[6602729, 8090532, 948670, 839656, 1046638]"
240,306,"[1101010, 923670, 6534480, 1056509, 1042907]"
241,307,"[927028, 897954, 1074040, 1135468, 1019637]"
242,308,"[6904613, 862010, 1011920, 898867, 5569230]"
243,311,"[1106523, 1029743, 907099, 1091365, 1110843]"
244,312,[]
245,314,"[893018, 820486, 1130858, 882308, 995965]"
246,316,"[5592931, 1131344, 1138443, 1124971, 1050851]"
247,317,"[1102003, 862318, 1058404, 983584, 12171656]"
248,318,"[962229, 1076056, 5569230, 1106523, 1029743]"
249,321,"[1126899, 7410304, 986912, 1075214, 1056509]"
250,322,"[1070820, 5569471, 859427, 1055504, 976199]"
251,323,[]
252,324,"[13007846, 9677466, 1010681, 901062, 1026258]"
253,325,"[5569230, 5569471, 885863, 7410217, 8177622]"
254,326,"[1013928, 5568378, 1037840, 8090521, 8090537]"
255,327,[]
256,328,"[1070820, 885290, 882247, 979707, 1048257]"
257,329,"[819927, 823721, 871722, 854852, 901062]"
258,330,[]
259,331,"[896085, 1075368, 999104, 1070820, 956902]"
260,332,"[1046562, 1056267, 1070820, 835619, 9677109]"
261,333,[]
262,334,"[1082185, 1056509, 896085, 8090521, 1113274]"
263,338,"[1082185, 835098, 1092118, 1026118, 1004906]"
264,339,"[1029743, 1106523, 5592931, 1056509, 12695224]"
265,342,"[5577022, 913210, 871756, 824193, 956902]"
266,343,"[956902, 864279, 872137, 892376, 5569230]"
267,345,"[6979248, 870882, 999104, 6602697, 1018740]"
268,346,"[954525, 835098, 1037863, 819978, 866211]"
269,347,"[1110409, 866211, 5569230, 6034857, 910473]"
270,348,"[899624, 1044078, 1056509, 1024306, 1083787]"
271,349,"[824305, 907099, 1004906, 5569471, 1029743]"
272,350,"[883003, 1132771, 1040807, 5569374, 986912]"
273,351,"[894439, 865456, 8020166, 948670, 1139216]"
274,353,"[944139, 1134810, 1012514, 5569374, 936830]"
275,354,"[1050851, 940947, 849202, 1097001, 880888]"
276,356,"[947798, 1029743, 1106523, 5569230, 986912]"
277,357,"[1126899, 878996, 880150, 1098485, 1122358]"
278,358,"[1106523, 5569230, 859129, 854852, 1111080]"
279,360,"[5569230, 1029743, 1005186, 1106523, 1004906]"
280,361,"[844179, 865456, 1044078, 5569471, 1082212]"
281,362,"[12731714, 1056509, 986912, 1050851, 847207]"
282,364,"[1106523, 999779, 946995, 839656, 8090537]"
283,365,"[956672, 14106445, 995598, 986912, 1132771]"
284,366,[]
285,367,"[934399, 1070820, 1138443, 833724, 823775]"
286,369,[]
287,371,"[6533936, 880150, 941368, 13003101, 890695]"
288,373,[]
289,374,"[1026118, 849202, 860248, 969941, 901062]"
290,375,"[6464165, 957164, 1027835, 5568378, 1029743]"
291,376,"[965766, 1044078, 937292, 819308, 896862]"
292,377,"[1075170, 994223, 1112825, 1126899, 899624]"
293,378,"[904521, 948670, 874972, 12301100, 7441419]"
294,380,"[1106523, 965766, 1004906, 935646, 899624]"
295,381,"[1075368, 1037840, 1034176, 1051323, 1040807]"
296,382,"[5569230, 1029743, 1106523, 5569471, 5569845]"
297,383,[]
298,384,"[1055504, 1126899, 5569471, 1075368, 8019977]"
299,385,"[1031419, 1075368, 1126899, 1087102, 839419]"
300,386,"[1083787, 906830, 1004906, 8090521, 12301100]"
301,387,"[1131506, 1115711, 1126899, 6602729, 1009719]"
302,388,"[1004596, 5569471, 1029743, 5569230, 868548]"
303,389,"[1126899, 891632, 916993, 1096563, 847573]"
304,390,"[1081533, 1072693, 5569230, 1126045, 6704207]"
305,392,"[836645, 1121384, 1051468, 891632, 1092588]"
306,393,"[1013928, 820486, 9884698, 8090539, 1102416]"
307,394,"[1063207, 1026118, 835098, 5569471, 1081177]"
308,395,"[1070820, 1106523, 1029743, 1005186, 6534077]"
309,396,"[1126899, 1026118, 5569471, 857503, 1075368]"
310,397,"[933835, 1126899, 851569, 1128016, 1015280]"
311,398,"[12757316, 880888, 1036347, 1037840, 1122358]"
312,400,"[831407, 1026058, 963835, 1031316, 9524291]"
313,401,"[7410019, 919535, 942166, 1068292, 986912]"
314,402,"[819978, 853448, 5591520, 1136033, 1118235]"
315,404,"[888275, 835279, 1092588, 971983, 1090587]"
316,405,"[837270, 1101010, 12301100, 837569, 909497]"
317,406,"[1110409, 1024306, 862010, 951412, 1005274]"
318,407,[]
319,409,"[1070820, 5569471, 836286, 8090532, 854852]"
320,410,"[1044078, 999858, 6534035, 6534578, 10344585]"
321,411,"[1106523, 1139782, 1092937, 5569471, 12731432]"
322,412,"[986912, 1005186, 1005274, 916758, 863447]"
323,413,"[1082185, 1106523, 5569230, 12731544, 1101959]"
324,414,"[956486, 8090521, 8090537, 914577, 1091365]"
325,415,"[5569471, 983584, 5569230, 8090521, 864893]"
326,417,"[1082185, 903800, 1055504, 1127831, 1026118]"
327,418,"[1065061, 13190349, 901067, 826597, 1084796]"
328,420,"[956486, 1062002, 1018822, 933067, 5568489]"
329,421,"[1074040, 823704, 8090546, 6463775, 896613]"
330,425,"[994894, 1070820, 1037332, 913210, 843464]"
331,426,"[894360, 1110409, 1005186, 1011926, 863447]"
332,427,"[1082185, 1102416, 1029743, 1106523, 986912]"
333,429,[]
334,430,"[1042571, 9420314, 979877, 5569230, 847186]"
335,432,"[9835619, 975649, 874972, 835300, 1110843]"
336,433,"[1082185, 849003, 1106523, 1138854, 6979518]"
337,434,"[934639, 1102067, 1068292, 1105917, 1058214]"
338,435,"[5569230, 5569471, 5569845, 1029743, 1106523]"
339,437,"[913210, 926905, 865026, 984680, 917033]"
340,438,"[951590, 962991, 1070820, 6034857, 834117]"
341,441,"[9833277, 12810393, 1124971, 933835, 8293385]"
342,442,"[1110843, 1091365, 1126899, 1007136, 1011926]"
343,443,"[5569230, 1056509, 976199, 899624, 1019247]"
344,446,"[888586, 1029743, 1070820, 1126899, 1106523]"
345,447,"[1029743, 845208, 1081177, 1041796, 1075368]"
346,449,"[5569230, 844179, 916122, 965766, 1029743]"
347,450,"[1024051, 1093413, 1005186, 986912, 1132771]"
348,451,"[934639, 1068292, 963727, 1072685, 1070820]"
349,454,"[911311, 5569230, 995628, 831628, 1019247]"
350,457,"[1005186, 911311, 1029743, 899624, 844179]"
351,458,"[878775, 999563, 828588, 916993, 6979545]"
352,459,"[863762, 885290, 986912, 1106523, 5569230]"
353,460,"[916122, 1092937, 825703, 1044078, 1029743]"
354,461,"[1012922, 819308, 1004906, 976199, 863447]"
355,462,"[1011926, 921504, 1137775, 1038985, 9803545]"
356,463,"[1082185, 857006, 5569230, 901062, 1051516]"
357,464,"[9858847, 865511, 839419, 8090537, 993638]"
358,466,"[8090537, 8090521, 5569230, 1081177, 986912]"
359,467,"[1106523, 8090537, 1129610, 9575582, 1062128]"
360,468,"[1131506, 1082185, 1019637, 1074040, 1113274]"
361,469,"[16100266, 901062, 12517450, 6548453, 849202]"
362,470,"[1119784, 871633, 1005186, 962229, 1029743]"
363,471,"[1029272, 999104, 1003616, 5568732, 986912]"
364,474,"[9835903, 8357613, 969039, 1103105, 831628]"
365,477,"[1068719, 12731432, 1029743, 1106523, 1004906]"
366,478,[]
367,479,"[1063207, 1101010, 864893, 6533936, 1138443]"
368,480,"[854852, 1070820, 1026118, 5569471, 976199]"
369,482,"[937292, 1041796, 1028995, 8357613, 7168026]"
370,483,"[1106523, 947858, 1051323, 5569471, 1086483]"
371,484,"[1006483, 1050851, 1113438, 946839, 913210]"
372,485,"[7168431, 937292, 972665, 1070702, 957736]"
373,487,"[1029743, 1106523, 1126899, 5568378, 1070820]"
374,489,"[837569, 901062, 1055504, 1138443, 986912]"
375,491,"[9858847, 9676938, 1056509, 1011926, 1055504]"
376,493,"[1093697, 1131384, 839243, 936355, 951197]"
377,495,"[12731432, 8090521, 8090537, 913210, 8090509]"
378,497,"[8273833, 8293447, 1029743, 976199, 1106523]"
379,502,"[12302069, 893018, 5568489, 5577022, 874972]"
380,503,"[1070820, 6034857, 1119405, 903800, 1005186]"
381,505,"[844179, 999858, 1029743, 7441498, 916122]"
382,506,"[987734, 5568732, 854496, 1029743, 1063577]"
383,507,"[1026258, 1126899, 971922, 1044259, 960791]"
384,508,[]
385,510,"[1070820, 850676, 929018, 12301073, 901062]"
386,511,"[1116635, 1006664, 12301100, 9836106, 986912]"
387,513,"[844179, 5569471, 1097635, 865026, 9245106]"
388,514,"[866211, 878996, 923169, 908318, 1005186]"
389,515,"[991874, 14106445, 5581335, 1051323, 828588]"
390,516,[]
391,517,"[1126899, 892531, 872137, 944836, 854405]"
392,518,"[12810391, 901460, 987006, 1075214, 1137775]"
393,520,"[1106523, 913210, 1101010, 1082185, 982790]"
394,521,"[12517450, 1130729, 1137688, 1026118, 899624]"
395,523,"[897088, 904815, 898121, 998352, 940947]"
396,524,"[1082185, 888586, 1129049, 1062002, 1098248]"
397,525,"[1124971, 883003, 1138443, 1026258, 911388]"
398,526,"[8090521, 5569230, 913210, 834117, 1137346]"
399,527,"[1051211, 1085138, 910109, 13190349, 12988031]"
400,531,[]
401,533,[]
402,534,"[1005186, 1070820, 1029743, 1106523, 832678]"
403,537,"[1116635, 1128163, 943522, 1072523, 1075368]"
404,538,"[947412, 1070820, 1098844, 872137, 1092303]"
405,539,"[933835, 1070702, 8090537, 8090521, 5569471]"
406,540,"[916122, 859427, 6602729, 995965, 1000237]"
407,542,"[880888, 1106523, 1082990, 1075368, 1130375]"
408,543,"[923149, 820486, 989409, 1070702, 8090521]"
409,544,"[1070538, 1126899, 1127831, 8205418, 1060705]"
410,545,"[986912, 1055504, 1005186, 6034857, 1006063]"
411,547,[]
412,548,"[970028, 885406, 1110409, 911311, 1094924]"
413,550,"[819308, 917438, 835098, 854852, 1004906]"
414,552,[]
415,553,"[1040807, 1087102, 849202, 1138443, 1082990]"
416,554,"[917438, 1034886, 915545, 1106523, 946839]"
417,556,[]
418,557,"[857503, 844179, 5585510, 1004906, 878996]"
419,558,"[1106523, 12301839, 869047, 1044078, 901367]"
420,560,"[1029743, 1100140, 1104414, 964520, 1012701]"
421,562,"[1007136, 965842, 1074333, 854852, 854405]"
422,563,[]
423,564,"[883940, 985889, 1055504, 1110843, 5569230]"
424,566,[]
425,567,"[974156, 986912, 8090509, 12301100, 12811532]"
426,568,"[1106523, 1042544, 9835223, 1101589, 1038663]"
427,569,"[921406, 879031, 1071446, 1045710, 1002771]"
428,570,"[9676938, 1070702, 8090537, 933835, 8090521]"
429,574,"[889509, 982955, 5569374, 933835, 1083446]"
430,575,"[9858847, 8019233, 1005186, 1046562, 1094924]"
431,576,[]
432,577,"[857348, 6039687, 1056509, 940947, 830503]"
433,578,"[859427, 942166, 8090521, 847207, 865705]"
434,579,"[6534201, 1029743, 1106523, 1091365, 6039687]"
435,580,"[1041796, 1056509, 1118946, 917438, 5569471]"
436,581,"[1126899, 1070820, 5569471, 1084796, 983584]"
437,582,"[972437, 5569230, 986727, 5569471, 8090509]"
438,583,"[5569230, 880150, 944139, 975649, 1037840]"
439,586,"[1132198, 1034955, 949965, 906335, 851819]"
440,587,"[1044078, 1029743, 1057168, 1114653, 878996]"
441,588,"[933835, 919534, 1138443, 885863, 1050851]"
442,590,"[9835223, 947858, 1106523, 12349795, 965766]"
443,591,"[9245106, 854852, 933067, 1065017, 829291]"
444,593,"[866211, 5569471, 1070820, 1106523, 1029743]"
445,594,"[8090521, 957232, 8090537, 8090509, 1044078]"
446,595,"[1013389, 1050851, 5569845, 1107973, 988697]"
447,596,"[917816, 12731621, 819308, 972143, 8090537]"
448,598,"[1103691, 9553048, 965766, 8090532, 944534]"
449,600,"[5569230, 1029743, 5569471, 9653714, 983584]"
450,602,"[995916, 944139, 1021116, 1096728, 849202]"
451,603,"[999779, 1038663, 1022066, 956486, 1006184]"
452,604,"[1060318, 879876, 1090793, 914577, 901776]"
453,605,"[1126899, 948670, 851146, 969941, 859427]"
454,606,"[838186, 916122, 970160, 1113274, 998444]"
455,608,"[1138487, 863762, 1075175, 1106523, 941856]"
456,609,"[1005186, 5569230, 1110843, 1122358, 969568]"
457,610,"[1004906, 1081177, 1070820, 1029743, 1106523]"
458,611,"[1037631, 8177622, 6534201, 5568072, 8090536]"
459,612,"[5568378, 826666, 8090537, 1103476, 1138292]"
460,613,[]
461,614,"[965766, 934639, 859426, 982955, 5565925]"
462,615,"[878996, 901062, 1004906, 6034857, 1081177]"
463,617,"[837569, 10344585, 14106445, 933067, 919963]"
464,618,"[1070820, 856818, 1101010, 949294, 990869]"
465,621,"[1112825, 13506200, 1137775, 1101010, 948298]"
466,622,"[1065538, 895680, 870929, 12301839, 986912]"
467,623,"[1101010, 1044078, 983959, 1138443, 8177622]"
468,624,"[844179, 1106523, 835619, 828106, 8069336]"
469,630,"[1070820, 12731432, 1106271, 12810391, 1138631]"
470,631,"[841309, 829722, 944018, 839485, 1102845]"
471,632,"[1135258, 916122, 1092588, 1051323, 12301839]"
472,633,"[5590965, 12731432, 1002787, 1075368, 8090537]"
473,636,"[13115914, 8358933, 1076056, 9527184, 1084036]"
474,637,"[1035676, 967461, 1037840, 1103691, 1099164]"
475,638,"[1016709, 1059347, 7166863, 1002850, 1053530]"
476,640,"[1082185, 9884698, 1108168, 1139569, 5585510]"
477,641,"[1070820, 1126899, 999858, 916993, 909268]"
478,643,"[6534035, 960732, 5569471, 6424472, 5569845]"
479,644,"[9297062, 1023160, 1005274, 5569471, 901776]"
480,647,"[1043920, 819978, 1043751, 8090521, 8090537]"
481,648,"[1081177, 903800, 829645, 934156, 1026118]"
482,650,"[909714, 1106523, 1126899, 1029743, 6034857]"
483,652,"[956125, 1013407, 890610, 1065061, 1081177]"
484,653,"[977559, 952972, 5569471, 854852, 5591814]"
485,654,"[864893, 1034176, 12301100, 1063207, 1138443]"
486,655,"[5569230, 863447, 1044078, 865456, 1068719]"
487,658,"[895930, 986912, 1081177, 1122358, 5569374]"
488,659,"[5574108, 925862, 12810393, 1029743, 844179]"
489,660,"[1126899, 862010, 1042544, 12988031, 971922]"
490,661,"[1044078, 5569230, 1001827, 1004596, 13158064]"
491,662,"[1068291, 1005274, 1083446, 983584, 1027168]"
492,663,"[9297055, 1082185, 5565925, 8090537, 8090509]"
493,665,"[986912, 1131344, 839419, 922561, 5569471]"
494,666,"[5592261, 957232, 1050851, 844179, 1041796]"
495,667,"[852360, 896085, 1005186, 845208, 12946027]"
496,668,"[1005186, 1063207, 1029743, 1037332, 8177622]"
497,669,"[1082185, 951412, 1126899, 854754, 1018740]"
498,670,"[885406, 12384953, 867138, 899115, 8090521]"
499,671,"[949151, 879504, 8090521, 843259, 999270]"
500,672,"[860703, 839243, 12949590, 1099510, 8090537]"
501,673,"[1025611, 1082185, 5569230, 866211, 1005186]"
502,674,"[1107420, 1122358, 5569327, 6463717, 934399]"
503,675,"[1139142, 1121384, 910673, 1119667, 940023]"
504,676,"[820321, 947798, 939546, 832678, 1081177]"
505,680,"[888178, 844179, 832442, 12301109, 859427]"
506,681,"[1102003, 9677447, 1134483, 5568378, 872066]"
507,684,"[1072523, 1050851, 8273833, 910032, 951176]"
508,685,"[1015539, 1097398, 952972, 1098910, 847573]"
509,687,"[951590, 12811532, 12810393, 5569230, 1138487]"
510,690,"[1088771, 835098, 6551861, 878715, 896085]"
511,691,[]
512,692,"[1019643, 1135834, 8181451, 972416, 1004436]"
513,693,"[1044188, 12301109, 849202, 956486, 6534480]"
514,694,"[883932, 1101010, 1037840, 1138423, 1029743]"
515,695,"[1029743, 5565356, 954495, 882247, 13039088]"
516,696,"[983584, 1126899, 976199, 1098485, 863885]"
517,697,"[1070820, 1104343, 6602729, 880427, 6602590]"
518,698,"[995965, 9803601, 1026118, 8273833, 1005186]"
519,699,"[1029125, 12811532, 899624, 6554202, 12731432]"
520,700,"[944139, 982755, 1124695, 1021116, 909249]"
521,701,"[10344585, 8065410, 891632, 1074333, 935578]"
522,702,"[899624, 1015474, 865456, 8020234, 1077429]"
523,703,"[6633342, 9884484, 946995, 901776, 1009187]"
524,705,"[1029743, 12757316, 1106523, 1070820, 1126899]"
525,706,"[1117219, 8090521, 5569471, 8090509, 1050851]"
526,707,"[1029743, 5569471, 1062128, 838186, 929018]"
527,708,"[845208, 1029743, 867138, 12949855, 1092303]"
528,709,"[8116306, 823990, 8090537, 8090521, 832678]"
529,710,"[1106523, 5569471, 1044078, 8090521, 5569845]"
530,711,"[1037840, 864893, 8090521, 8090537, 1098284]"
531,712,"[1070820, 965842, 934399, 963365, 999270]"
532,713,"[6534480, 1029743, 5569230, 1106523, 1081177]"
533,714,"[5569230, 1126899, 5569471, 944139, 944534]"
534,715,"[1116589, 885863, 12946027, 1019247, 1037840]"
535,716,"[1041796, 999858, 6548453, 999104, 1048962]"
536,717,"[933835, 1005186, 986912, 5569471, 5569230]"
537,718,"[5585510, 1054483, 892978, 909268, 899459]"
538,719,"[895930, 819978, 897752, 1079228, 933835]"
539,720,"[1115069, 1056212, 1081177, 878996, 936830]"
540,721,"[1029743, 1106523, 960732, 5569471, 910473]"
541,722,"[830526, 925854, 882247, 854852, 9297615]"
542,723,"[878996, 1043920, 1082212, 934948, 995965]"
543,725,"[893018, 1106523, 879504, 1126899, 899624]"
544,726,"[880427, 1022254, 1062002, 859427, 1000237]"
545,727,"[1106523, 950894, 911311, 885290, 944534]"
546,728,"[976199, 831628, 1070702, 1138443, 1028891]"
547,729,"[1106523, 983584, 1037840, 1029743, 5569471]"
548,730,"[960732, 1029743, 1106523, 1070820, 1126899]"
549,731,"[6424471, 993379, 1063207, 849202, 8090521]"
550,733,"[839818, 999779, 5569471, 1106523, 1029743]"
551,734,"[1026118, 1055504, 1005274, 5585510, 854852]"
552,735,"[1082185, 5569230, 1029743, 1026118, 1106523]"
553,736,"[955921, 9526448, 5581335, 830503, 1117899]"
554,740,"[1102067, 956672, 12987975, 6034857, 9655212]"
555,741,"[13213604, 12810391, 831628, 976199, 916122]"
556,742,"[1106523, 1128812, 1004906, 982955, 1043494]"
557,743,"[1070820, 1072523, 1027068, 1022254, 999779]"
558,744,"[831628, 1070702, 860248, 883003, 1024306]"
559,745,"[1070272, 854852, 1026118, 901062, 6034857]"
560,747,"[1021715, 5569845, 1137775, 1110843, 1063207]"
561,748,[]
562,749,[]
563,750,"[1110244, 866211, 1029743, 878996, 5568378]"
564,752,"[986912, 1075368, 883003, 8090513, 1132771]"
565,753,"[8293439, 1009187, 901776, 5568072, 847207]"
566,754,"[878996, 1036347, 901062, 866211, 1106523]"
567,755,"[12782182, 971922, 1005186, 1091365, 1137775]"
568,757,"[5569471, 989409, 825365, 848029, 9884698]"
569,759,"[5568447, 1029743, 1005186, 1106523, 1000237]"
570,761,"[1106523, 1056509, 1103691, 9420067, 1062128]"
571,762,"[986912, 9527159, 1005186, 1070820, 938319]"
572,764,"[965766, 7409618, 9420067, 1094924, 878996]"
573,766,"[901062, 1098844, 847207, 916990, 854754]"
574,767,"[868548, 1071342, 1102067, 964521, 1115175]"
575,768,"[1029743, 9526572, 1112238, 1043730, 913210]"
576,769,"[1043751, 883003, 1004596, 942166, 839419]"
577,770,"[1075368, 986912, 863447, 5569230, 1042438]"
578,771,"[6034857, 1044724, 965842, 999270, 940947]"
579,773,"[909714, 878996, 966684, 1106523, 1029743]"
580,776,"[1101010, 1124971, 1012587, 1043751, 895295]"
581,777,"[1070820, 1028891, 12781829, 863447, 6533608]"
582,779,"[1009187, 832678, 882604, 976199, 6533362]"
583,781,"[1046816, 910673, 1022254, 892376, 1029272]"
584,784,"[1138682, 5569230, 1029252, 1008814, 1139782]"
585,786,"[1065538, 5569230, 878715, 1008032, 921504]"
586,787,"[5569230, 1079528, 934399, 957736, 1075214]"
587,788,"[947858, 901976, 823990, 5569230, 9835223]"
588,789,"[922561, 1029743, 1004906, 1106523, 976199]"
589,790,"[1037089, 850601, 6552254, 5995177, 886996]"
590,793,"[1126294, 8090545, 8090539, 8090565, 946839]"
591,794,"[950638, 1126899, 1134483, 1060408, 994223]"
592,795,"[956125, 12301100, 1028995, 1043751, 910032]"
593,796,"[866211, 878996, 844179, 901062, 993638]"
594,798,"[986912, 1110843, 1126899, 982790, 1091365]"
595,799,"[1038985, 1122358, 1019247, 1126899, 1056509]"
596,800,"[867020, 862318, 12811532, 5566472, 995965]"
597,801,"[909497, 12731685, 12731714, 1082185, 1138443]"
598,802,"[1134483, 983584, 1005186, 8090537, 839656]"
599,803,"[969866, 861279, 956486, 843259, 1104649]"
600,804,"[1029743, 1101010, 12301100, 5569230, 910673]"
601,805,"[870547, 979707, 899624, 949023, 1024306]"
602,806,"[5569471, 5588161, 8090513, 8090536, 1024306]"
603,807,"[838186, 999198, 6034857, 6534035, 1024306]"
604,808,"[963835, 883202, 1016800, 6704207, 6632283]"
605,810,[]
606,811,"[1029743, 6534035, 1106523, 1056509, 899624]"
607,813,"[834117, 835973, 1138487, 1101010, 946839]"
608,814,"[1101173, 935842, 978906, 825365, 1029743]"
609,816,"[1024306, 5565925, 944836, 9833277, 1075368]"
610,817,"[1075214, 1125530, 904574, 1122928, 870428]"
611,818,"[9297191, 6602697, 6602729, 964521, 5569327]"
612,820,"[995628, 949023, 8090509, 9884698, 7152455]"
613,822,"[933067, 917407, 937292, 1005186, 940947]"
614,823,"[913210, 999779, 861494, 1091365, 5569845]"
615,824,"[1106523, 1029743, 844179, 1011926, 901067]"
616,825,"[915493, 12731436, 976199, 1110409, 831628]"
617,826,"[1029743, 1126899, 1030093, 5569471, 5569230]"
618,829,"[1082185, 1018740, 882604, 1137775, 1132771]"
619,830,[]
620,831,"[1100972, 885406, 1075214, 957232, 1005186]"
621,836,"[1116635, 1035691, 916993, 13381584, 1037840]"
622,837,[]
623,840,"[901367, 858373, 874972, 8019977, 9487885]"
624,841,"[922561, 852015, 970747, 1135468, 1106523]"
625,842,"[5569327, 12811532, 12301338, 5567502, 967948]"
626,844,"[6602447, 848319, 14106445, 1051468, 1003616]"
627,845,"[8090537, 892531, 5577022, 6533362, 8090533]"
628,846,"[1075368, 948086, 1006483, 1134810, 5569845]"
629,847,"[1041796, 1005274, 901062, 940947, 946839]"
630,848,[]
631,850,"[957232, 863447, 937292, 1051323, 1005186]"
632,852,"[1062128, 1106523, 1024306, 1126899, 1136719]"
633,853,"[6602729, 1005274, 951412, 907099, 970202]"
634,854,"[1123842, 1004906, 1027168, 5568378, 5569327]"
635,855,"[1029743, 1005186, 882305, 5564948, 963868]"
636,856,"[928749, 990797, 944534, 1022254, 6463729]"
637,857,"[885290, 5569230, 1040807, 820486, 1055155]"
638,858,"[1004906, 1029743, 1106523, 899624, 986912]"
639,859,"[1112766, 1027168, 901062, 832678, 1075368]"
640,861,"[1072523, 1082185, 1008547, 1055504, 1098248]"
641,862,"[832678, 1037840, 895930, 864335, 871061]"
642,863,"[986912, 863447, 1005186, 1119761, 884686]"
643,864,"[1018740, 1101010, 1043751, 983584, 895930]"
644,865,"[1075368, 13506200, 1036347, 1130858, 1050851]"
645,866,"[844179, 1106523, 823990, 983584, 9833277]"
646,867,"[5569230, 937928, 958208, 825365, 983584]"
647,868,"[9884484, 856942, 1138443, 8090521, 5569471]"
648,869,"[1044078, 1127758, 5592931, 12946027, 1101822]"
649,871,"[9803810, 1051468, 880150, 913210, 5569845]"
650,875,"[971983, 7025202, 1029743, 1106523, 901776]"
651,876,"[898068, 920109, 1122358, 865705, 916993]"
652,877,"[5572234, 1055504, 6513604, 1126899, 1138443]"
653,878,"[947798, 838186, 1131344, 846823, 1051323]"
654,879,"[904997, 8090536, 970747, 880427, 839656]"
655,880,"[1029743, 1112238, 1106271, 1106523, 899624]"
656,881,"[1029743, 9884698, 1056509, 890695, 5569327]"
657,882,"[1137775, 1043751, 1029743, 837644, 8090521]"
658,883,"[1098844, 1110111, 847573, 1057749, 1100972]"
659,884,"[993638, 5569471, 1014388, 940947, 1004906]"
660,885,"[1082185, 1040807, 1006483, 5569327, 1012587]"
661,886,"[1070820, 1126899, 969039, 12301100, 1005456]"
662,887,"[1110843, 957232, 1091365, 917407, 1063207]"
663,888,"[901062, 6533362, 10344585, 6034857, 856252]"
664,889,"[983316, 13072944, 990656, 1070820, 1126899]"
665,891,"[866211, 951190, 1093571, 995965, 936914]"
666,893,"[1106523, 872137, 1100972, 1106116, 8292958]"
667,894,"[891632, 6602697, 12782182, 854852, 1137688]"
668,895,"[908283, 12262832, 892728, 15452705, 5995603]"
669,897,"[1029743, 1106523, 5569471, 5569374, 5569845]"
670,898,"[848319, 909268, 995965, 859427, 892314]"
671,900,"[1068719, 6979579, 885863, 1040807, 986912]"
672,903,"[1055504, 878996, 1126899, 6034857, 903800]"
673,904,"[891505, 1029743, 1114605, 1106523, 5569230]"
674,906,"[6979248, 894406, 970202, 1082185, 1126899]"
675,907,"[1092588, 864279, 12517450, 1042765, 986912]"
676,908,"[1070820, 1104343, 5569471, 971922, 1092303]"
677,909,"[976199, 6534480, 9935616, 823862, 6533936]"
678,911,"[1024306, 12985761, 901062, 1126899, 1011926]"
679,913,"[1134810, 994223, 1091383, 999104, 995965]"
680,914,"[923723, 986912, 5577022, 12302069, 1102207]"
681,915,"[1068719, 845208, 880150, 957232, 1056509]"
682,916,"[824193, 1126899, 1079913, 5569471, 1075368]"
683,919,"[1029743, 883202, 1106523, 1081177, 1012315]"
684,920,"[1082185, 1106523, 1101589, 1058709, 1118264]"
685,922,"[1130581, 1132198, 1126899, 870428, 1125530]"
686,924,"[974524, 1029743, 935393, 849505, 8090537]"
687,926,"[1138443, 825365, 1101706, 916993, 1034176]"
688,927,"[986912, 940947, 1127470, 12171656, 1005274]"
689,928,"[835098, 1115175, 1092303, 988697, 5569845]"
690,929,"[1068292, 1130858, 1070820, 938319, 1070702]"
691,930,[]
692,931,"[1122358, 913210, 834117, 1138443, 1027168]"
693,934,"[1101175, 1067749, 937292, 885863, 933835]"
694,935,"[828588, 863447, 871756, 6533608, 878442]"
695,936,"[1005186, 8090537, 8090521, 13672065, 12384953]"
696,937,"[1134810, 1029743, 1106523, 948670, 5570109]"
697,939,"[13841744, 896085, 9527184, 12811532, 1044078]"
698,940,"[975649, 1030093, 1019637, 1029743, 1106523]"
699,941,"[919766, 5567702, 1005186, 5569374, 1122928]"
700,942,"[5569327, 1015539, 1019637, 1014388, 8090509]"
701,943,"[5592931, 1106523, 13381584, 1012587, 8090509]"
702,944,"[903609, 1101010, 1132771, 9245108, 1098248]"
703,946,"[1093413, 1050851, 859426, 1005186, 901776]"
704,947,"[1134483, 895930, 1038745, 990453, 12302069]"
705,949,"[12301109, 5568378, 913210, 8090521, 8090537]"
706,951,"[1029743, 1106523, 940726, 1070820, 5569471]"
707,952,"[1023196, 9803545, 8090521, 8090537, 1075368]"
708,953,"[877310, 5569135, 1007414, 960421, 999779]"
709,954,"[901062, 940947, 1029743, 1122358, 5568378]"
710,955,"[5568197, 956486, 941856, 1041688, 1051211]"
711,956,"[986912, 1070820, 1070702, 939900, 9803545]"
712,957,"[1032703, 1116589, 943522, 6534578, 1128163]"
713,959,"[1029272, 10455984, 1106523, 888178, 899624]"
714,960,"[1036347, 1070820, 1126899, 7442008, 6534077]"
715,961,"[1100140, 1091383, 1070820, 1002771, 5569471]"
716,964,"[1106523, 8090537, 8090521, 871061, 999779]"
717,965,"[12301100, 6904613, 1021324, 871756, 8090521]"
718,967,[]
719,968,"[983584, 906838, 1067779, 1075368, 880888]"
720,969,[]
721,971,"[1075368, 6602697, 919535, 819978, 866211]"
722,972,"[1029743, 13008334, 1106523, 1126899, 1070820]"
723,973,"[1000542, 879280, 882489, 13654702, 1118757]"
724,974,"[999779, 9836106, 883932, 1036347, 1072523]"
725,975,"[13381584, 5569327, 995965, 5569471, 1027835]"
726,976,"[1127831, 902172, 14106445, 903800, 1115175]"
727,978,"[6463907, 1070820, 999104, 1130581, 1062002]"
728,979,"[904236, 8066803, 888586, 981165, 1070702]"
729,981,"[901460, 871722, 1092937, 1082212, 6548453]"
730,982,"[983584, 885697, 932863, 5569230, 1075368]"
731,983,"[1075368, 8090521, 8090509, 5569471, 913210]"
732,984,"[1114811, 1106523, 1029743, 5569471, 5569230]"
733,985,"[863447, 12302069, 1122358, 880150, 1051323]"
734,986,"[8090440, 8090521, 8090537, 911017, 8090509]"
735,987,"[1070820, 947858, 845975, 970747, 5569471]"
736,988,"[1070820, 926905, 6533362, 5569374, 917033]"
737,989,"[8090509, 1110843, 896085, 1122358, 8090539]"
738,991,[]
739,992,"[1075368, 1063207, 6034857, 857503, 1005186]"
740,993,"[1138443, 8293439, 1040807, 945909, 8090539]"
741,996,"[948670, 932949, 953539, 823990, 1009187]"
742,997,[]
743,998,"[899624, 947858, 982790, 9836106, 12262978]"
744,999,"[983584, 5569471, 1099164, 5569374, 5569845]"
745,1000,"[1008074, 12427353, 1042616, 863632, 986912]"
746,1001,"[913210, 12301109, 893018, 834117, 10344586]"
747,1003,[]
748,1004,"[1043730, 961620, 897083, 995628, 1050851]"
749,1005,"[12301100, 9296919, 6534074, 989069, 839656]"
750,1007,"[1029743, 899624, 9575582, 880895, 8090537]"
751,1008,"[993638, 13115501, 899624, 1075368, 916122]"
752,1010,"[1071336, 1070820, 1058404, 824193, 1014116]"
753,1011,"[994223, 1070820, 1126899, 891423, 825749]"
754,1012,[]
755,1014,"[7462562, 833940, 911974, 976199, 1038985]"
756,1015,"[6602697, 947412, 913210, 1096261, 979452]"
757,1018,"[8090521, 1070820, 1131321, 999779, 1004436]"
758,1019,"[1026118, 986912, 863447, 879734, 1081177]"
759,1020,"[1070820, 5578856, 13008334, 960791, 16100266]"
760,1021,"[1070820, 982790, 1004436, 1005274, 825365]"
761,1023,"[865705, 1062128, 12985761, 963835, 872137]"
762,1024,"[940947, 1031316, 1040807, 1038663, 5582712]"
763,1025,"[8090537, 8090521, 965766, 12302069, 998189]"
764,1027,"[922561, 819978, 899624, 1040807, 1051323]"
765,1029,"[1126899, 885290, 896666, 1021416, 1048257]"
766,1030,"[986912, 940947, 12171656, 854852, 1070820]"
767,1034,"[819308, 1125278, 961979, 823862, 866211]"
768,1038,[]
769,1039,"[820923, 972665, 5569230, 9419422, 843259]"
770,1040,"[999090, 1111786, 1126899, 5566472, 1075368]"
771,1041,"[1127470, 948832, 988697, 845163, 940023]"
772,1042,"[906838, 856252, 885863, 1070702, 1138443]"
773,1043,[]
774,1045,"[1043751, 1043663, 913210, 922561, 6534077]"
775,1046,"[6034857, 1126899, 1005186, 888104, 13071902]"
776,1047,"[999270, 940947, 899624, 12301100, 5569845]"
777,1050,"[899624, 1112766, 1106523, 863447, 1123254]"
778,1051,"[6534578, 951590, 1005186, 1106523, 1029743]"
779,1053,"[1005456, 916993, 1005186, 867138, 1107839]"
780,1057,"[1079528, 1117219, 1005186, 919766, 1110409]"
781,1058,"[950206, 941856, 1124971, 986912, 1005186]"
782,1060,"[832678, 1040807, 1135834, 1018769, 849505]"
783,1061,"[943522, 899624, 910673, 832678, 6423911]"
784,1062,"[957736, 1029743, 5569845, 949965, 1009187]"
785,1064,"[1138443, 1009187, 5568378, 990797, 965766]"
786,1066,"[835098, 834826, 1082141, 829722, 1075214]"
787,1067,"[9835223, 12731714, 947858, 5995129, 1074333]"
788,1068,"[1025611, 1130858, 989069, 1104649, 1059902]"
789,1069,"[999858, 12301109, 1068292, 947858, 1051323]"
790,1070,"[1134398, 8090536, 6533936, 859191, 1038985]"
791,1071,"[825365, 1110843, 1050851, 1034886, 5569471]"
792,1073,"[862010, 956672, 1082212, 6534077, 5568489]"
793,1074,"[940947, 1069863, 10344585, 909129, 1074754]"
794,1075,"[999270, 1131506, 949965, 993638, 1025611]"
795,1076,"[984680, 1130729, 1038663, 1036347, 1075368]"
796,1077,"[870547, 951590, 832442, 1024319, 891632]"
797,1078,"[835098, 1106523, 1005456, 1126899, 1098844]"
798,1080,"[13506200, 1043663, 8090537, 12301100, 861494]"
799,1081,"[899624, 5569230, 908318, 972665, 935646]"
800,1082,"[1046584, 992826, 1004906, 1029743, 1131344]"
801,1083,"[904148, 999270, 896862, 940947, 1070702]"
802,1084,"[934639, 956486, 6704207, 1043494, 8203851]"
803,1085,"[955431, 908318, 1070702, 957063, 9527184]"
804,1086,"[1076954, 12731714, 1008074, 1138443, 15831255]"
805,1087,[]
806,1088,"[1093697, 1068719, 1136524, 997011, 1029743]"
807,1089,"[1024051, 1138292, 891505, 1068292, 5568721]"
808,1090,[]
809,1091,"[5569230, 1056509, 1075368, 1038985, 899624]"
810,1092,"[1005186, 1106523, 1029743, 5591170, 5569230]"
811,1093,"[845208, 1082185, 1037332, 5569845, 962229]"
812,1094,"[933835, 1059902, 1034955, 10204556, 1051323]"
813,1096,"[878996, 899624, 1004906, 866211, 1026118]"
814,1097,"[857130, 8090440, 838186, 823862, 1138292]"
815,1098,"[9884698, 8205418, 5585510, 901062, 1135468]"
816,1100,"[866211, 856818, 983584, 5568378, 1127831]"
817,1102,"[1086483, 922561, 910673, 1138443, 1131321]"
818,1103,"[946995, 1075175, 12172071, 1126899, 5569230]"
819,1104,"[1045710, 948832, 901656, 5571261, 1015280]"
820,1105,"[983584, 1075368, 1106523, 1029743, 940947]"
821,1106,"[1129049, 849202, 844179, 1029743, 893018]"
822,1108,[]
823,1109,"[836085, 899624, 1115576, 1046816, 841016]"
824,1110,"[9527187, 1775642, 1031316, 1070820, 947858]"
825,1111,"[1082185, 1106523, 15972298, 13008334, 854852]"
826,1112,"[1010681, 1082185, 1075368, 836286, 1134810]"
827,1113,"[1087081, 1126899, 5569471, 1056509, 1026118]"
828,1114,"[937791, 1051211, 1029743, 1106523, 1070820]"
829,1115,[]
830,1117,"[1106523, 5569230, 870882, 1051323, 1074333]"
831,1119,"[901460, 892376, 1035676, 6463710, 1034956]"
832,1120,[]
833,1121,"[1070820, 5569230, 1101010, 1092937, 872137]"
834,1123,"[871756, 1008032, 1098844, 996269, 923149]"
835,1124,[]
836,1127,"[1100972, 5569230, 916993, 5569471, 13003092]"
837,1128,"[999198, 1106523, 1043663, 5995177, 1081177]"
838,1129,"[858439, 5569230, 5568732, 1094924, 909714]"
839,1130,"[1088771, 8116306, 943522, 1137775, 1051323]"
840,1131,"[992730, 982469, 891752, 1075368, 946995]"
841,1132,[]
842,1133,"[1135476, 1122358, 1038985, 1098844, 935578]"
843,1134,"[1046562, 920025, 1070820, 1106523, 1022066]"
844,1135,"[1029743, 1106523, 1136719, 866211, 8090521]"
845,1136,"[999779, 1138443, 1051323, 910032, 1138292]"
846,1137,"[914318, 12301405, 934639, 13506200, 823704]"
847,1138,"[15926886, 1015539, 1097398, 7442008, 8015407]"
848,1139,[]
849,1141,"[1022428, 1056509, 930385, 854716, 1029743]"
850,1142,"[6034857, 908318, 1104414, 963835, 879393]"
851,1145,"[5569230, 1022254, 986912, 5569845, 969568]"
852,1146,"[937292, 910673, 846823, 962185, 889509]"
853,1147,"[929768, 1004596, 1016800, 926905, 917033]"
854,1149,"[5569230, 1082185, 5569471, 999250, 1026118]"
855,1151,"[1021225, 6602697, 1136524, 962266, 972143]"
856,1152,"[951590, 1090507, 8090539, 7147317, 5574377]"
857,1154,"[1106523, 990688, 1001333, 842698, 836085]"
858,1155,"[1100140, 992650, 893018, 1071713, 12301100]"
859,1157,"[960732, 1070820, 5569471, 994223, 8090440]"
860,1158,"[866355, 1101010, 1042544, 8357825, 1074040]"
861,1159,"[1082185, 842698, 8090532, 6534030, 1008032]"
862,1160,"[969866, 1106523, 12301100, 12302069, 819978]"
863,1161,[]
864,1163,"[1056509, 839419, 888178, 12810393, 939546]"
865,1164,"[1070538, 1070820, 824305, 1080853, 1119405]"
866,1166,"[825703, 1003649, 1075214, 843464, 990256]"
867,1167,"[1082185, 1070820, 8019977, 1115175, 5569471]"
868,1168,"[866211, 878996, 1004906, 1081177, 899624]"
869,1169,"[902377, 912280, 846823, 832678, 12946027]"
870,1171,[]
871,1172,"[1075368, 911017, 1029688, 963686, 1026118]"
872,1174,"[1068719, 896862, 1012587, 1101010, 9836106]"
873,1175,"[963365, 8066803, 962266, 899565, 1045710]"
874,1176,[]
875,1178,"[1069039, 1104343, 985889, 8090536, 847573]"
876,1179,"[12811532, 908318, 1056509, 857540, 1116050]"
877,1180,"[910673, 846823, 1070702, 965766, 1044759]"
878,1182,"[1029743, 5592931, 1106523, 5569471, 1070820]"
879,1183,[]
880,1185,"[1121360, 895930, 1132771, 1083787, 1036347]"
881,1186,"[903800, 1098844, 1080853, 9547021, 1055425]"
882,1187,"[910673, 1050482, 9296919, 1138487, 995628]"
883,1188,"[978077, 1135468, 1005186, 883202, 1037337]"
884,1189,"[1082185, 1026118, 909714, 998119, 5569845]"
885,1190,"[949294, 1026118, 1037840, 909129, 9526448]"
886,1191,"[968992, 12301109, 5569230, 1082990, 8090521]"
887,1192,"[1029743, 909714, 1106523, 899624, 1136524]"
888,1193,"[6534074, 8090521, 8090537, 5569230, 913210]"
889,1194,"[993638, 1106523, 1029743, 5592610, 5587656]"
890,1195,"[1075368, 1029743, 1106523, 8090521, 1027168]"
891,1196,"[924864, 5573375, 865511, 885023, 854852]"
892,1197,"[8090521, 1069506, 999250, 1002771, 1069312]"
893,1198,"[915064, 1106523, 916122, 1029743, 1005274]"
894,1201,"[1029743, 1106523, 1056509, 872177, 1070820]"
895,1202,"[880234, 872177, 845208, 940947, 1081177]"
896,1203,"[1106523, 998352, 8090956, 910673, 1137387]"
897,1204,"[1106523, 999779, 926905, 10344585, 1110843]"
898,1205,"[5571176, 913210, 7147145, 8090521, 1122358]"
899,1206,"[1128240, 1136341, 1106523, 7409618, 823990]"
900,1207,"[13115501, 5568489, 5569374, 883202, 5569471]"
901,1208,"[1125123, 845208, 1024051, 899624, 1114653]"
902,1209,"[986912, 1081177, 940947, 866211, 1004906]"
903,1210,[]
904,1211,"[1037631, 918598, 992986, 836445, 879504]"
905,1214,[]
906,1216,"[5569230, 5569471, 1005186, 6534074, 9487885]"
907,1217,"[1075368, 1023196, 8090521, 8090509, 910673]"
908,1218,"[1070820, 831063, 1026118, 976199, 1115175]"
909,1219,"[1106523, 1029743, 1070820, 1126899, 5569471]"
910,1221,"[987006, 1055504, 1029743, 1106523, 986912]"
911,1222,"[849505, 1091090, 1037840, 1031316, 6534480]"
912,1223,"[891505, 1021324, 8090521, 956125, 5569230]"
913,1224,"[920191, 1118046, 1022066, 899624, 1035676]"
914,1225,"[949965, 999779, 1036347, 1050851, 896862]"
915,1226,"[1070820, 7441102, 1089025, 854852, 940947]"
916,1227,"[854852, 1106523, 1029743, 1126899, 1070820]"
917,1228,"[8019186, 1106523, 12262992, 1042438, 1115800]"
918,1229,"[1070820, 965842, 862799, 1051468, 1092303]"
919,1230,[]
920,1231,"[1082185, 1029743, 825365, 6533936, 916993]"
921,1234,"[885406, 854496, 999858, 847066, 12810393]"
922,1236,"[965766, 8090521, 1056509, 1037840, 13381584]"
923,1238,"[5569230, 8090537, 994223, 834117, 1101010]"
924,1240,"[6034857, 1044259, 1026258, 1070820, 1071446]"
925,1241,"[969568, 1075368, 1082990, 1122358, 883202]"
926,1242,"[915064, 844179, 960732, 8090521, 1106523]"
927,1245,"[969866, 913210, 835300, 901205, 1112766]"
928,1246,"[1126899, 5564901, 921438, 824305, 5568758]"
929,1247,"[899624, 878996, 1126899, 1040807, 8066803]"
930,1248,"[1106523, 888054, 925862, 865511, 971922]"
931,1249,[]
932,1252,"[1047619, 907099, 5569471, 854852, 1010578]"
933,1255,"[5569230, 1029743, 5569471, 1106523, 6534077]"
934,1256,"[837969, 1000542, 1022254, 979707, 1002178]"
935,1257,[]
936,1258,"[5569471, 1051211, 897083, 1110218, 12946027]"
937,1259,"[6533608, 8177622, 916993, 1037332, 1106523]"
938,1260,"[903800, 999104, 1127831, 1051516, 901666]"
939,1261,"[9526448, 937330, 5981074, 1085357, 6534035]"
940,1262,[]
941,1263,"[12301109, 976214, 5564901, 986912, 871722]"
942,1264,"[913210, 910673, 1051323, 5592610, 5981074]"
943,1265,"[1082185, 879504, 1060872, 1106091, 933067]"
944,1266,"[863447, 8203851, 1008547, 904997, 12757316]"
945,1267,"[13381584, 880427, 12949855, 859427, 1108094]"
946,1269,"[1082185, 1101589, 899624, 8090532, 8090513]"
947,1270,"[1082185, 13002975, 1026118, 1106523, 13003092]"
948,1271,"[878996, 835098, 947412, 959219, 903800]"
949,1272,"[16100266, 9338009, 1023196, 837969, 1070845]"
950,1274,"[1070820, 923149, 879504, 8090521, 5568378]"
951,1277,"[1106523, 1006483, 8090521, 7441210, 990256]"
952,1278,"[1106523, 1029743, 863447, 944534, 1106271]"
953,1279,"[969866, 965766, 1004436, 1074040, 846823]"
954,1280,"[1037840, 1070820, 1126899, 983584, 1017127]"
955,1281,"[1131344, 1029743, 986912, 1106523, 957013]"
956,1282,"[863447, 9835223, 910673, 1127758, 972143]"
957,1283,[]
958,1284,"[15926886, 922561, 893018, 899624, 864893]"
959,1285,"[925364, 5569230, 970605, 946995, 947201]"
960,1287,"[965766, 880150, 1042438, 885023, 899459]"
961,1288,"[897954, 1116635, 1034176, 1081177, 833724]"
962,1289,"[10344585, 5569230, 832678, 940947, 1101010]"
963,1290,"[973916, 837865, 1029743, 1106523, 1081177]"
964,1291,"[1007414, 837270, 823704, 1101010, 12301100]"
965,1293,"[899624, 1044078, 1004906, 844179, 944534]"
966,1294,"[999965, 1126899, 1092120, 976199, 9884698]"
967,1295,"[1029743, 893018, 1072523, 8090521, 1101589]"
968,1296,"[13115579, 982790, 880150, 955431, 1005186]"
969,1297,"[1082185, 1127831, 848319, 1026118, 854852]"
970,1298,"[824193, 5569327, 931255, 999104, 832678]"
971,1299,"[1043663, 843929, 8090521, 913210, 899459]"
972,1300,"[12811532, 1106523, 1055504, 918684, 976199]"
973,1303,"[15972298, 976199, 9884698, 8090521, 1134483]"
974,1304,"[1118623, 1029743, 1106523, 5569230, 1005186]"
975,1305,"[1106523, 8116306, 1021116, 944139, 911974]"
976,1306,"[12301839, 1075214, 1051323, 7166861, 871756]"
977,1307,"[1119405, 1063207, 1080853, 986912, 1110843]"
978,1310,[]
979,1312,"[944137, 1122358, 986727, 1043494, 1055504]"
980,1313,"[899624, 1029743, 978906, 1081177, 12810393]"
981,1314,"[976199, 1102416, 1075368, 1050851, 1050741]"
982,1316,"[948086, 902172, 5568378, 951164, 982790]"
983,1317,"[1029743, 1005186, 5569230, 5568378, 8090537]"
984,1318,"[925862, 1100972, 951412, 963835, 1138487]"
985,1319,"[1050851, 993638, 1051323, 961979, 1027168]"
986,1321,"[883068, 1106523, 9803545, 1113381, 893018]"
987,1325,"[6602697, 1098844, 6602327, 15972298, 1055504]"
988,1326,"[899624, 1056509, 1103105, 6534077, 5585510]"
989,1328,"[951590, 8357613, 1132771, 922561, 5570408]"
990,1329,"[947858, 1008032, 1098248, 986912, 1110843]"
991,1330,"[819978, 5569230, 1101010, 910032, 856252]"
992,1331,"[994685, 911017, 928749, 1102416, 963686]"
993,1332,"[12757544, 1063207, 15452705, 1131384, 859426]"
994,1333,"[9338009, 1126899, 6533608, 9655679, 888586]"
995,1334,"[1106523, 1029743, 8090537, 1070820, 1126899]"
996,1335,"[1010681, 12782182, 836286, 1009187, 835973]"
997,1336,"[896862, 1021164, 971922, 916122, 823704]"
998,1337,"[923670, 1069863, 983584, 1083446, 9835619]"
999,1338,"[1106523, 989069, 1050851, 841220, 1130858]"
1000,1340,"[5569230, 1029743, 1106523, 5569471, 866211]"
1001,1342,"[1004906, 898363, 878996, 866211, 901062]"
1002,1343,[]
1003,1344,[]
1004,1346,"[1029743, 1106523, 899624, 5569230, 844179]"
1005,1347,"[1037840, 820612, 825317, 891505, 1132771]"
1006,1350,"[965766, 988697, 910673, 1037863, 1058214]"
1007,1351,"[1029743, 844179, 1106523, 916122, 1044078]"
1008,1352,"[958208, 1138682, 915493, 991874, 976199]"
1009,1353,"[899624, 1050851, 8090537, 8090521, 1137775]"
1010,1354,"[1005186, 1110843, 12757316, 879504, 837270]"
1011,1355,[]
1012,1356,"[1070820, 5569230, 1050851, 946839, 836286]"
1013,1357,"[5569230, 6552565, 5569471, 5569845, 8090537]"
1014,1358,"[12301100, 8090509, 5569845, 5568489, 933835]"
1015,1359,[]
1016,1360,"[1076954, 1133157, 1087411, 986912, 940947]"
1017,1361,"[916122, 1092937, 878996, 1004906, 866211]"
1018,1362,"[7168026, 1018818, 7169088, 878996, 866211]"
1019,1363,[]
1020,1364,"[1070820, 886395, 1051323, 8293343, 832442]"
1021,1366,"[14106445, 5566800, 1126899, 1101010, 6463710]"
1022,1367,"[1116635, 1002787, 970866, 1126899, 976214]"
1023,1368,"[1009368, 5568758, 847573, 944137, 938138]"
1024,1369,"[1095944, 867138, 1126899, 879280, 8090440]"
1025,1370,"[844179, 965766, 899624, 12810393, 8090521]"
1026,1373,"[1004906, 899624, 5585510, 1110843, 944137]"
1027,1374,"[1068292, 972143, 1005186, 880150, 1034176]"
1028,1375,"[1104343, 916993, 872137, 6602697, 1051516]"
1029,1376,"[847066, 960613, 1137284, 865174, 1036347]"
1030,1378,"[9338009, 909268, 9297474, 5585510, 9653535]"
1031,1379,"[1029743, 843464, 1123254, 5585510, 944137]"
1032,1380,[]
1033,1381,[]
1034,1382,"[5569230, 8090532, 913210, 5570383, 8090541]"
1035,1383,"[1060292, 12781829, 5585510, 13190349, 872177]"
1036,1384,"[5592931, 844179, 916122, 1004906, 899624]"
1037,1385,"[835300, 947858, 1022254, 1042544, 1059902]"
1038,1387,"[9297062, 869047, 1017369, 960791, 878996]"
1039,1388,"[873577, 998119, 1053489, 1037965, 1027168]"
1040,1389,"[1098844, 871756, 1123045, 1020404, 12949855]"
1041,1390,"[5569230, 1005186, 8090509, 907631, 819978]"
1042,1391,"[970866, 916993, 8090532, 5569471, 8090513]"
1043,1393,"[6034857, 956672, 12757544, 901062, 1010259]"
1044,1394,"[6034857, 961021, 9677236, 5569374, 1115576]"
1045,1395,"[906844, 993638, 916578, 940947, 1048445]"
1046,1397,"[1106523, 832678, 6039687, 880150, 1037337]"
1047,1398,"[916993, 882489, 5569230, 7166862, 1029743]"
1048,1399,"[1116741, 1029743, 1106523, 1047076, 844179]"
1049,1401,"[999250, 1004906, 1081177, 6463775, 878996]"
1050,1402,"[6773232, 9884698, 1008032, 891118, 976199]"
1051,1403,"[5569230, 5569471, 874972, 8090537, 12302069]"
1052,1405,"[1069506, 922636, 5569471, 854852, 854405]"
1053,1406,"[5569327, 8090521, 8090509, 1138443, 5569845]"
1054,1408,"[1029743, 1106523, 1021715, 1070820, 1005186]"
1055,1409,"[12810393, 1116020, 962991, 1021324, 8090513]"
1056,1410,"[1031316, 906443, 874972, 847573, 863447]"
1057,1412,"[1029743, 15972298, 885290, 9487606, 999714]"
1058,1413,"[1044078, 1029743, 844179, 5568378, 1106523]"
1059,1414,"[851287, 5568378, 968992, 1126899, 1070820]"
1060,1417,"[1068561, 13506200, 835973, 999858, 913210]"
1061,1418,"[6463775, 848319, 938118, 6773232, 871722]"
1062,1419,"[1019637, 1014732, 1114653, 1026118, 977374]"
1063,1421,"[8090521, 12811532, 5569230, 906838, 1043751]"
1064,1423,"[13008334, 844179, 5981267, 5572738, 1082185]"
1065,1425,"[5569230, 8090521, 8090537, 5569471, 1101010]"
1066,1426,"[1082990, 1031316, 883003, 909714, 6534480]"
1067,1427,"[9553042, 1110843, 996009, 1122358, 1007136]"
1068,1428,"[976199, 5569230, 8090537, 913210, 907099]"
1069,1429,"[878996, 1004906, 1029743, 1106523, 1070820]"
1070,1430,"[1126899, 9858847, 885290, 13115501, 1040807]"
1071,1431,"[5569230, 916122, 12301109, 8090509, 944137]"
1072,1434,"[917384, 1075368, 1004436, 989275, 12946027]"
1073,1437,"[893018, 5569230, 1044759, 6464147, 1127758]"
1074,1440,"[1101010, 819978, 5574409, 1135258, 12262992]"
1075,1443,"[906844, 1057168, 1012922, 1106523, 1029743]"
1076,1445,"[6034857, 995965, 1026118, 9268695, 6534035]"
1077,1447,"[986912, 916122, 1075368, 933835, 6391137]"
1078,1450,"[979707, 845208, 1070702, 1005186, 12695224]"
1079,1451,"[1082185, 9707240, 1070820, 936117, 874972]"
1080,1452,"[1013928, 885290, 12757316, 1025611, 856252]"
1081,1453,"[6034857, 878996, 1005186, 986912, 12171656]"
1082,1454,"[1082185, 979707, 5569471, 878996, 5569374]"
1083,1457,"[1022254, 1106523, 1104649, 910673, 871756]"
1084,1458,"[863447, 976199, 962266, 6602590, 1070702]"
1085,1459,"[857130, 1002787, 934948, 948832, 949965]"
1086,1461,"[1029743, 910673, 973181, 5569471, 8090532]"
1087,1462,"[882604, 961021, 1079987, 936914, 1062002]"
1088,1463,"[1037337, 986912, 844697, 8090537, 999779]"
1089,1464,[]
1090,1465,"[921406, 847573, 6391381, 862010, 863447]"
1091,1466,"[1027168, 1126899, 865456, 1122358, 6534077]"
1092,1467,"[13071902, 1042438, 986912, 12648296, 5568378]"
1093,1470,"[1029743, 1070820, 912704, 899624, 1063739]"
1094,1471,"[834117, 913210, 844179, 1091365, 1110843]"
1095,1473,"[1006063, 1126899, 1104343, 938118, 8091550]"
1096,1474,"[1106523, 5581335, 9487606, 8090509, 819978]"
1097,1475,"[1070820, 933835, 1056509, 843464, 6533936]"
1098,1476,"[923670, 1119667, 1075170, 1013132, 1092303]"
1099,1479,"[1029743, 9526572, 13115914, 8119318, 8090545]"
1100,1480,[]
1101,1481,"[870929, 9487553, 910673, 8090537, 1109615]"
1102,1483,"[5569230, 1070820, 5569471, 847573, 944836]"
1103,1484,"[880150, 823704, 1098844, 1036347, 1055504]"
1104,1485,"[878715, 1106523, 1132771, 1024319, 1108094]"
1105,1487,"[5569230, 12810393, 1075368, 970747, 832678]"
1106,1488,"[1126899, 5569471, 8090537, 990256, 5568378]"
1107,1489,"[1029743, 7166672, 5569327, 856252, 6534035]"
1108,1490,"[1086483, 969866, 863447, 874972, 835300]"
1109,1491,"[8014645, 965766, 839818, 847066, 928749]"
1110,1492,"[1122358, 993638, 940947, 901062, 1136524]"
1111,1493,"[1115175, 5569230, 8090521, 1106523, 5569845]"
1112,1494,"[1136375, 956486, 12302069, 1104349, 1051323]"
1113,1495,"[1038745, 1036347, 1050851, 927028, 12301109]"
1114,1499,"[14106445, 908318, 963365, 5569471, 8090532]"
1115,1500,"[839419, 1106271, 916122, 12301109, 6463717]"
1116,1501,"[8019186, 849297, 1070820, 885406, 1098844]"
1117,1502,"[1070820, 6533936, 837270, 1137775, 1001827]"
1118,1506,"[12301100, 1000753, 1044078, 844179, 965766]"
1119,1507,"[13841744, 899624, 1122358, 1106523, 1029743]"
1120,1508,"[834158, 1122358, 1026118, 885290, 1126899]"
1121,1509,"[903800, 5578547, 1029743, 1042438, 1073902]"
1122,1510,"[944137, 986912, 9884698, 1005186, 1001475]"
1123,1511,"[1106523, 5569230, 8090521, 1135834, 5569845]"
1124,1512,"[1005186, 1029743, 1106523, 978077, 8276172]"
1125,1513,"[1137346, 1005186, 1091365, 874972, 5569845]"
1126,1514,"[1126899, 1006184, 995965, 956672, 880427]"
1127,1515,"[1063207, 971922, 9677236, 1101010, 986912]"
1128,1517,"[1070820, 819978, 1137775, 5569471, 907631]"
1129,1518,"[8203851, 863447, 982790, 853124, 1070702]"
1130,1519,"[1108094, 1070820, 1037631, 878715, 854754]"
1131,1520,"[896862, 1103691, 947326, 825365, 863447]"
1132,1521,"[944534, 1005186, 1029743, 965766, 940947]"
1133,1523,[]
1134,1524,[]
1135,1525,"[893018, 5981074, 845208, 853124, 1130458]"
1136,1526,"[5569374, 6463710, 1135468, 986912, 8090537]"
1137,1527,"[1125497, 908318, 963868, 872137, 950638]"
1138,1528,"[983584, 1075368, 894439, 909129, 940947]"
1139,1529,"[8090537, 1026118, 12811532, 1130729, 999858]"
1140,1530,"[899624, 1055504, 1004906, 1106523, 1029743]"
1141,1531,"[1042907, 1123842, 1024306, 1075368, 1037332]"
1142,1532,"[5569471, 6534030, 8090513, 1101010, 1008074]"
1143,1533,"[1127831, 1029743, 1070820, 1106523, 5568378]"
1144,1534,"[1070820, 999198, 1094924, 7410304, 6039859]"
1145,1535,"[832678, 1091793, 1002787, 5568378, 9836106]"
1146,1536,"[1126899, 865456, 8090532, 5569471, 8090509]"
1147,1537,"[5569230, 907631, 1043494, 6534077, 1027168]"
1148,1539,"[1007136, 1005186, 1029743, 5569845, 5568378]"
1149,1540,"[1081533, 5568378, 1106523, 8090537, 965766]"
1150,1541,"[999965, 1029743, 849578, 970866, 901666]"
1151,1542,"[957232, 8090521, 1137775, 935993, 1082212]"
1152,1543,"[1096573, 916122, 970747, 960421, 1011926]"
1153,1545,"[1106523, 901067, 1091865, 8090521, 844179]"
1154,1546,"[965766, 823721, 944249, 908408, 915064]"
1155,1547,"[1075007, 1029743, 1106523, 5569230, 829722]"
1156,1548,"[1134483, 856252, 965842, 835098, 907631]"
1157,1549,"[8203851, 969866, 986912, 9575582, 1019247]"
1158,1550,"[1106523, 997011, 1037863, 5590613, 5587656]"
1159,1552,"[1029743, 1005274, 5569230, 823704, 916758]"
1160,1553,[]
1161,1555,"[986912, 1005186, 823704, 969568, 948670]"
1162,1556,"[863030, 896757, 854852, 5569374, 880150]"
1163,1557,"[1106523, 1102829, 867547, 938512, 921277]"
1164,1558,"[944137, 839438, 1110843, 1006184, 1120928]"
1165,1559,"[1082990, 1026118, 946995, 901776, 910673]"
1166,1560,"[1121384, 1029743, 916122, 844179, 1138443]"
1167,1563,"[848319, 1070820, 1126899, 951412, 12810464]"
1168,1564,"[1029743, 1106523, 999250, 866211, 916122]"
1169,1566,"[976199, 7441192, 1118623, 895295, 12810389]"
1170,1567,"[1082185, 1026118, 13003092, 880150, 8090537]"
1171,1568,"[899624, 12731432, 882489, 1104343, 999270]"
1172,1569,"[866211, 878996, 1008547, 999779, 1093413]"
1173,1570,"[910673, 908318, 5569374, 949965, 990453]"
1174,1571,[]
1175,1572,"[1126899, 820486, 946995, 1005274, 8090532]"
1176,1575,"[13190349, 1022254, 10457590, 1070820, 1026118]"
1177,1576,"[1072693, 1029743, 1087411, 6534035, 825703]"
1178,1577,"[1006483, 916122, 5569327, 6533608, 8090532]"
1179,1578,"[839243, 916122, 931255, 1120928, 1092885]"
1180,1579,"[856252, 1135834, 1127831, 983584, 1137775]"
1181,1580,"[934639, 1079987, 946839, 1029743, 1106523]"
1182,1581,"[5569471, 845208, 1081177, 857503, 839656]"
1183,1584,"[929768, 1134483, 1070272, 990453, 1028891]"
1184,1585,"[1126899, 1110111, 1055504, 981165, 8090440]"
1185,1587,"[898867, 1029743, 899624, 1106523, 844179]"
1186,1588,"[1079528, 6602697, 6034857, 841016, 9547021]"
1187,1590,"[841309, 1028891, 1070820, 6391381, 854852]"
1188,1591,"[14106445, 916993, 896085, 1070820, 902172]"
1189,1592,"[6979526, 6391134, 5569471, 10344585, 830503]"
1190,1593,"[995916, 5569471, 1005274, 937292, 936470]"
1191,1594,"[1106523, 1082185, 5590613, 5590695, 1022254]"
1192,1595,"[976199, 971922, 986912, 1137775, 1016800]"
1193,1596,"[901776, 1058404, 832678, 1040807, 944137]"
1194,1598,"[1091383, 1063207, 1117824, 1056509, 874972]"
1195,1599,"[1002787, 967948, 863447, 944137, 982469]"
1196,1600,[]
1197,1602,"[1098844, 1070820, 1006483, 6391381, 1104343]"
1198,1604,"[1051211, 832678, 944486, 1029743, 1106523]"
1199,1607,"[5569230, 5569471, 10344585, 8177622, 8090537]"
1200,1608,"[1026118, 863447, 843929, 1106523, 1029743]"
1201,1609,"[1082185, 1070820, 1127831, 865705, 872137]"
1202,1611,"[1106523, 906838, 9655676, 1029743, 1026118]"
1203,1612,"[901062, 1010259, 1126899, 1070820, 1048257]"
1204,1614,"[1029743, 960732, 6773232, 1106523, 883940]"
1205,1618,"[850676, 1006184, 1010681, 888178, 834826]"
1206,1619,"[12731621, 1075368, 1005456, 1010259, 965842]"
1207,1620,"[1106523, 13381584, 917384, 9245106, 1059902]"
1208,1621,"[1101010, 1042544, 926905, 885863, 845914]"
1209,1622,"[1062002, 1091901, 1026118, 8205418, 924352]"
1210,1623,"[948832, 890955, 1038985, 933067, 1062002]"
1211,1624,"[1082185, 823990, 1026118, 5569230, 986912]"
1212,1627,"[934639, 1082185, 1068292, 970160, 1038745]"
1213,1628,[]
1214,1630,"[990869, 12301405, 865026, 836445, 5585510]"
1215,1631,"[967461, 5569327, 1035676, 1004596, 8090537]"
1216,1632,"[8090440, 1070820, 913210, 880427, 909714]"
1217,1633,"[13007846, 13008334, 1064213, 1135834, 1101010]"
1218,1634,"[5569327, 1070820, 1044078, 838186, 5569230]"
1219,1636,"[909714, 901062, 1106523, 983584, 6034857]"
1220,1637,"[5569845, 1106523, 1029743, 8090537, 5569471]"
1221,1638,"[1138443, 1004906, 866211, 1070820, 1126899]"
1222,1640,"[1106523, 8090521, 926905, 1115576, 8090532]"
1223,1641,"[944137, 1126899, 1070820, 1106523, 1029743]"
1224,1642,"[845208, 1106523, 1029743, 1070820, 1026118]"
1225,1643,"[1102207, 863447, 1012922, 965530, 893018]"
1226,1644,"[854852, 5568378, 1128016, 911388, 1134483]"
1227,1645,[]
1228,1646,[]
1229,1647,"[1101822, 1004906, 1044078, 1029743, 866211]"
1230,1648,"[983584, 828106, 8090440, 13002975, 970747]"
1231,1649,"[6391381, 8090532, 916122, 1051516, 1112205]"
1232,1650,"[13039088, 1101706, 1051516, 909714, 1009187]"
1233,1651,"[902037, 6034857, 995478, 1114483, 835098]"
1234,1652,[]
1235,1653,"[902377, 865456, 831407, 1094308, 1051323]"
1236,1654,"[1027168, 1106523, 5569471, 1024306, 5569230]"
1237,1657,"[957063, 1029743, 1068719, 1106523, 983584]"
1238,1658,"[978906, 888543, 885290, 7467039, 12301100]"
1239,1659,"[6034857, 998119, 8090509, 1112766, 906838]"
1240,1660,"[5569845, 923149, 845914, 910673, 6602697]"
1241,1662,"[1126899, 1101445, 1098844, 6533608, 1053730]"
1242,1663,"[1075368, 5568249, 1062128, 1106523, 834117]"
1243,1664,"[13213552, 965530, 897954, 1120928, 981086]"
1244,1665,"[986912, 5591170, 880895, 1131344, 993638]"
1245,1666,"[5569230, 1106523, 1029743, 12731714, 8090537]"
1246,1668,"[1029743, 1106523, 5569230, 823704, 976199]"
1247,1669,[]
1248,1672,"[957232, 943522, 1019247, 5569845, 13158064]"
1249,1673,"[863447, 1051323, 879504, 865528, 999779]"
1250,1676,"[1044259, 5569471, 998119, 842698, 888586]"
1251,1677,"[1082454, 885290, 901460, 6534035, 8090521]"
1252,1680,"[1126899, 1104343, 5569327, 5569471, 949965]"
1253,1683,"[971474, 5569471, 5570383, 1001333, 1036347]"
1254,1684,"[1106523, 5569471, 1083446, 910032, 8090509]"
1255,1685,"[1029743, 1005274, 1106523, 5569230, 5569471]"
1256,1686,"[986912, 935993, 1017325, 1005186, 825365]"
1257,1687,"[994685, 1126899, 976199, 1055504, 832678]"
1258,1688,"[1070702, 5569230, 5569845, 12301109, 911311]"
1259,1689,"[978077, 866548, 1055168, 1118033, 865456]"
1260,1690,"[1043494, 13210025, 907631, 863447, 5569230]"
1261,1692,"[12695224, 6463742, 983659, 1122358, 1005186]"
1262,1693,"[1126899, 1027168, 5569327, 1010051, 1083043]"
1263,1694,"[8090537, 1002787, 819978, 835098, 12301109]"
1264,1695,"[1082185, 5569230, 5569471, 899624, 1027168]"
1265,1696,[]
1266,1697,"[926905, 1016800, 1044078, 999858, 5568489]"
1267,1698,"[1067779, 976199, 1132771, 999779, 1104649]"
1268,1699,"[1048445, 993638, 5569845, 874972, 5569230]"
1269,1700,"[5568378, 871756, 1104649, 913210, 8090509]"
1270,1701,"[5569230, 1026118, 1081177, 847573, 995965]"
1271,1703,"[965766, 1106523, 1002787, 948832, 5590613]"
1272,1704,"[5568378, 1029743, 1106523, 1004596, 1070820]"
1273,1705,"[825365, 5587656, 941856, 6443350, 6602697]"
1274,1706,"[860248, 983584, 6463729, 1029743, 5568378]"
1275,1707,"[9884484, 920426, 831063, 1054567, 5569230]"
1276,1708,"[12810393, 944534, 892978, 12731714, 832678]"
1277,1709,[]
1278,1710,"[6039592, 9859060, 952568, 9677366, 8090440]"
1279,1712,"[1106523, 1029743, 1037840, 991024, 5569230]"
1280,1713,"[851188, 835973, 923149, 954495, 1106523]"
1281,1715,"[883202, 1022254, 1126899, 1110843, 1098248]"
1282,1716,"[1110843, 1097661, 5568729, 939546, 940947]"
1283,1717,"[1089954, 1029743, 833724, 848319, 852360]"
1284,1718,"[1138443, 906611, 872137, 1139782, 1070820]"
1285,1719,"[1070820, 1104343, 1092303, 1124971, 1103105]"
1286,1720,"[1070820, 830503, 5591083, 1071342, 8090537]"
1287,1721,"[849697, 1096728, 1005186, 1106523, 1029743]"
1288,1722,"[1126899, 820321, 829852, 906335, 8090537]"
1289,1723,"[1022254, 1098844, 1110409, 1093413, 847573]"
1290,1724,"[1126899, 878996, 1104343, 857503, 5569374]"
1291,1726,"[866211, 936355, 1055504, 6391381, 851146]"
1292,1728,"[5572220, 880284, 9296919, 823775, 916758]"
1293,1729,"[1005186, 1051323, 910673, 978077, 1110843]"
1294,1730,"[986912, 834117, 933835, 913210, 5591939]"
1295,1731,"[1135258, 993379, 1126899, 1089025, 831628]"
1296,1732,"[1029743, 1138443, 907631, 883003, 1137775]"
1297,1733,"[6904613, 894439, 986912, 1025611, 847573]"
1298,1734,[]
1299,1735,"[12810391, 942525, 8090537, 1075368, 1082990]"
1300,1737,"[878996, 1004906, 1029743, 1106523, 1070820]"
1301,1738,"[922847, 12695224, 1118033, 819978, 5569471]"
1302,1739,"[1029743, 957063, 1106523, 1070820, 916122]"
1303,1740,"[6034857, 829852, 1112238, 12946027, 885406]"
1304,1742,"[1019637, 864335, 12811532, 1114653, 1014732]"
1305,1743,"[1029743, 1106523, 5569230, 916122, 1004906]"
1306,1745,"[988697, 1051323, 1106523, 9575582, 12695224]"
1307,1747,"[831628, 9707240, 5569471, 1027168, 6424471]"
1308,1748,"[1106523, 828393, 5591103, 5587656, 911311]"
1309,1749,"[1042571, 1009719, 849066, 878715, 1131488]"
1310,1750,"[1082185, 909714, 5569230, 916122, 986912]"
1311,1751,"[1070820, 1082990, 9487606, 825365, 898342]"
1312,1752,"[865456, 910673, 920191, 1127758, 5565202]"
1313,1753,"[1066783, 1028891, 7441498, 935993, 12524691]"
1314,1754,"[843911, 835300, 1139569, 1129610, 1068292]"
1315,1755,"[12171656, 1038985, 872137, 1022428, 829291]"
1316,1756,[]
1317,1758,"[854261, 899624, 1126899, 891752, 976199]"
1318,1759,"[941368, 1126899, 1107973, 1111986, 938596]"
1319,1760,"[906838, 5567601, 1029743, 1004906, 1106523]"
1320,1761,"[1132771, 1124971, 854852, 863447, 1137775]"
1321,1762,"[939546, 1056509, 983584, 976199, 878996]"
1322,1763,"[1106523, 1005456, 1118623, 1075368, 1037840]"
1323,1764,"[1126899, 9884698, 9296919, 5569374, 9670830]"
1324,1765,"[1070820, 883068, 1043494, 941856, 5569845]"
1325,1766,"[1131344, 1026118, 1070820, 1126899, 1106523]"
1326,1767,"[8090537, 1025611, 1028995, 1000753, 839419]"
1327,1768,"[6391134, 991874, 1003616, 12946027, 899624]"
1328,1769,"[920191, 872137, 972143, 12731436, 1020208]"
1329,1770,"[960791, 1104343, 854754, 1135044, 901470]"
1330,1773,"[5569471, 959179, 1098844, 8090513, 1038985]"
1331,1774,"[990797, 937928, 869388, 1092885, 1104343]"
1332,1775,"[1082185, 5569471, 1126899, 1037332, 1088414]"
1333,1776,"[878996, 1026118, 901666, 1126899, 1070820]"
1334,1778,"[1007414, 9245106, 939900, 926206, 914318]"
1335,1779,"[1070820, 986912, 1101010, 963365, 823099]"
1336,1780,[]
1337,1781,"[878996, 930118, 1031316, 1128812, 944137]"
1338,1783,"[892728, 5569471, 12384779, 998119, 942045]"
1339,1784,"[830503, 1113111, 1038985, 1019247, 998119]"
1340,1785,"[1000493, 9677236, 976199, 1055504, 1126899]"
1341,1787,[]
1342,1788,"[995478, 951412, 836286, 854852, 829852]"
1343,1789,"[1005186, 1004436, 878996, 5585510, 844179]"
1344,1790,"[13876901, 1086061, 820923, 834826, 5569471]"
1345,1791,"[910673, 8177622, 5569471, 976199, 14106445]"
1346,1792,"[1023160, 1075368, 1101010, 976199, 1029252]"
1347,1793,"[885290, 999270, 5568378, 1060408, 12946027]"
1348,1794,"[5569230, 10344585, 8090513, 881249, 940947]"
1349,1795,"[1070820, 5574108, 878775, 990297, 999563]"
1350,1796,"[1002787, 942525, 838186, 965766, 1103808]"
1351,1797,"[9245106, 829621, 940947, 824180, 1007512]"
1352,1798,[]
1353,1800,"[7025094, 1126899, 6602729, 834117, 983584]"
1354,1801,"[1106523, 1029743, 1070820, 1126899, 825365]"
1355,1802,"[885290, 1113274, 990797, 919963, 7025094]"
1356,1803,"[6979579, 5569230, 957736, 1056509, 1138292]"
1357,1804,"[862799, 5569471, 1127831, 975085, 823704]"
1358,1805,"[1063207, 1005186, 880888, 1110843, 1075368]"
1359,1806,"[6602697, 6602729, 1126899, 5569327, 1007136]"
1360,1807,"[1126899, 1098844, 901062, 993638, 871611]"
1361,1808,"[1091090, 1037840, 1005186, 1110843, 1091365]"
1362,1809,"[916993, 1082185, 1091858, 8090509, 5569471]"
1363,1810,"[9521679, 12517450, 1037840, 1098284, 1026118]"
1364,1811,"[844179, 916122, 1070702, 1029743, 882190]"
1365,1812,"[1044759, 1128812, 1110843, 1024306, 1091365]"
1366,1814,"[937403, 1014948, 12302069, 955921, 1138487]"
1367,1815,"[898466, 940947, 5569845, 907631, 6464074]"
1368,1816,"[1070820, 1101589, 1103105, 8090532, 949294]"
1369,1817,"[1005274, 933067, 1070702, 975649, 895930]"
1370,1818,"[1129049, 1005186, 1127758, 1081177, 1104343]"
1371,1821,"[1106523, 5568378, 829722, 1102829, 862070]"
1372,1822,[]
1373,1823,"[904815, 954525, 1070820, 906611, 1098844]"
1374,1824,"[1106523, 862010, 899624, 5569230, 1043787]"
1375,1826,"[1029743, 1072523, 986912, 940947, 5592931]"
1376,1829,"[878996, 1135044, 1098844, 914753, 1056933]"
1377,1831,"[9245106, 1114483, 9655482, 1131382, 9655528]"
1378,1832,"[1082185, 1131344, 1029743, 1106523, 921504]"
1379,1833,"[825749, 1106523, 1070820, 8090521, 5585510]"
1380,1835,"[1024306, 5565925, 1015067, 1026258, 998444]"
1381,1836,[]
1382,1837,"[965842, 1043338, 957736, 854852, 8090537]"
1383,1838,[]
1384,1839,"[1106523, 1070727, 983659, 976214, 5565612]"
1385,1841,"[910964, 925350, 1062572, 999858, 1128244]"
1386,1843,"[1029743, 1106523, 1005186, 8090521, 1038985]"
1387,1844,[]
1388,1845,"[976199, 947427, 854496, 1126899, 878996]"
1389,1846,"[1114605, 1106523, 1029743, 5569845, 5569471]"
1390,1847,"[1131115, 5566309, 929018, 8019649, 1070820]"
1391,1848,"[1135834, 9527323, 985699, 1005186, 1097761]"
1392,1849,"[1046584, 1005186, 6534077, 1110843, 1091365]"
1393,1850,"[1127831, 1112238, 1002771, 8293343, 872137]"
1394,1853,[]
1395,1854,"[1062002, 970160, 1046756, 1110409, 910473]"
1396,1856,"[978077, 1070820, 1075368, 12811532, 1050851]"
1397,1857,"[1031316, 940947, 983584, 1040807, 8090521]"
1398,1858,"[12782182, 1115175, 1062002, 1126899, 1081177]"
1399,1861,"[1082185, 5569471, 999779, 1051323, 6602697]"
1400,1862,"[5569230, 5569471, 1005186, 1120928, 8090537]"
1401,1864,"[965842, 5563693, 924967, 9487463, 1005456]"
1402,1865,"[903800, 986912, 1055425, 5578547, 833724]"
1403,1867,"[5569230, 5569471, 5569845, 1029743, 1106523]"
1404,1868,"[1103808, 846823, 1029743, 6534480, 1106523]"
1405,1869,"[1126899, 872066, 940947, 916122, 1050851]"
1406,1871,"[966684, 1081177, 1029743, 5568758, 1004906]"
1407,1872,"[1091365, 906844, 1098284, 8177622, 6533746]"
1408,1873,"[1106523, 5570830, 1101010, 12301100, 926905]"
1409,1876,[]
1410,1877,"[12302069, 863447, 871514, 983584, 1122358]"
1411,1879,"[951590, 1101010, 1082185, 819978, 933835]"
1412,1880,"[930385, 1081177, 1029743, 5568378, 1106523]"
1413,1881,"[1070845, 852360, 959316, 913210, 1138443]"
1414,1882,[]
1415,1883,"[8090509, 8090521, 947798, 12695224, 896862]"
1416,1884,"[846823, 1106523, 1029743, 5569230, 5569471]"
1417,1885,"[1044078, 1029743, 5568378, 844179, 1106523]"
1418,1886,"[986912, 1005186, 1106523, 5569230, 1029743]"
1419,1887,"[1136719, 1106523, 1062128, 1029743, 1070820]"
1420,1889,"[891505, 1104343, 937292, 1132771, 1075175]"
1421,1890,"[1061982, 6039759, 1126899, 1011926, 1026118]"
1422,1891,"[1106523, 7025362, 7025204, 5577022, 1082185]"
1423,1892,"[1021116, 910673, 5568378, 846823, 999779]"
1424,1895,"[844179, 1005186, 916122, 1106523, 5569230]"
1425,1896,"[1075368, 1037840, 1060408, 870882, 1098844]"
1426,1898,[]
1427,1899,"[957063, 877210, 15972298, 863885, 863447]"
1428,1900,"[7410348, 1121603, 1078652, 1121694, 1076954]"
1429,1901,"[836445, 8203851, 1005186, 12810464, 1013928]"
1430,1903,[]
1431,1904,"[1123842, 1081177, 986912, 940947, 1004906]"
1432,1906,"[1046756, 908318, 9677236, 1053628, 1138682]"
1433,1907,"[848319, 1009719, 5578856, 5567601, 842264]"
1434,1909,"[1029743, 1106523, 5569230, 5588161, 933067]"
1435,1911,"[6391532, 1070820, 1118033, 880895, 852014]"
1436,1912,"[904105, 988736, 1106523, 12301100, 12302069]"
1437,1914,"[892573, 894439, 1121059, 9802981, 1051516]"
1438,1916,"[10180324, 885290, 879506, 8273833, 883202]"
1439,1917,"[1053628, 1106523, 829722, 1128206, 920025]"
1440,1918,"[906838, 1069312, 1014948, 872137, 1043730]"
1441,1919,"[1106523, 1026118, 880150, 1098284, 1019637]"
1442,1920,"[1019643, 1127831, 1115576, 1070820, 1062002]"
1443,1922,"[897088, 1070820, 1110743, 1126899, 1002771]"
1444,1923,"[965842, 1087081, 8293343, 833724, 8090440]"
1445,1924,"[1138487, 965530, 998352, 864335, 983584]"
1446,1925,"[1081177, 1106523, 12731571, 854852, 909714]"
1447,1926,"[1070702, 976199, 13506200, 844179, 916122]"
1448,1927,"[969866, 1022254, 823990, 12731432, 1015785]"
1449,1928,"[1125199, 983584, 916993, 908504, 1070820]"
1450,1929,"[888835, 904236, 1021116, 896085, 868548]"
1451,1930,"[5568729, 1128016, 1051323, 1075368, 1122358]"
1452,1931,"[913210, 9546982, 1086483, 12302069, 12301839]"
1453,1932,"[849202, 1008074, 1082185, 8065410, 874972]"
1454,1935,"[1126899, 1048257, 1079913, 1063207, 1005186]"
1455,1936,"[987122, 971922, 1042942, 844179, 9396822]"
1456,1937,"[1112766, 16100266, 1070820, 833724, 999858]"
1457,1939,"[924967, 981288, 896085, 879876, 926905]"
1458,1940,"[969866, 836085, 1026118, 1094924, 1004906]"
1459,1941,"[1050851, 844179, 5592931, 1106523, 1029743]"
1460,1942,"[1037337, 5569230, 12301109, 839656, 1070702]"
1461,1943,"[7152455, 7147145, 5569471, 926905, 1072086]"
1462,1944,"[1070820, 994223, 833724, 1131488, 1121384]"
1463,1945,"[7463287, 1017127, 1006878, 934172, 1029743]"
1464,1946,"[920109, 12757544, 10344585, 1070820, 1037332]"
1465,1947,"[1126899, 1097635, 952408, 1028938, 5568378]"
1466,1948,"[5592931, 916993, 976199, 6602590, 1106523]"
1467,1949,"[1048833, 1072523, 999779, 12731685, 1093413]"
1468,1950,"[1126895, 1029743, 1106523, 5592931, 846823]"
1469,1951,"[1106523, 1081177, 1029743, 866211, 5569471]"
1470,1952,"[895166, 1005186, 834117, 1029743, 1106523]"
1471,1953,"[970160, 986912, 916122, 8177622, 13071902]"
1472,1954,"[1038745, 899624, 1026118, 1068292, 878996]"
1473,1955,"[1007414, 1082185, 1063707, 1063739, 10149640]"
1474,1956,"[867709, 960613, 970866, 1070820, 1126899]"
1475,1957,"[964520, 821200, 829291, 9245108, 8177622]"
1476,1958,"[857503, 1029743, 1106523, 899624, 1004906]"
1477,1959,"[5569471, 965842, 12810393, 9245108, 866548]"
1478,1960,"[12731432, 1070820, 946839, 944836, 839656]"
1479,1961,"[1106523, 982790, 5568729, 1101589, 857503]"
1480,1962,"[976199, 991874, 1056509, 6391381, 1005186]"
1481,1963,"[5569471, 854405, 839419, 9546982, 834826]"
1482,1964,"[870428, 925350, 834158, 1002771, 910032]"
1483,1965,"[9884484, 9881592, 9881593, 906838, 896613]"
1484,1966,"[1112766, 1070820, 1104343, 1019643, 5590965]"
1485,1967,"[6633210, 1070820, 1005186, 1121384, 916993]"
1486,1968,"[1119405, 878996, 1122358, 1060408, 1005274]"
1487,1969,"[1029743, 1081177, 5569845, 8090509, 5568489]"
1488,1970,"[7147145, 1072086, 1131344, 1013928, 8090521]"
1489,1971,"[899624, 1070820, 5569374, 998119, 6534030]"
1490,1975,"[1110244, 9835509, 5570383, 961979, 1092588]"
1491,1976,"[1082990, 1106523, 1042544, 1075368, 1019637]"
1492,1978,[]
1493,1979,"[5569230, 1029743, 1106523, 8090521, 854852]"
1494,1981,"[8203851, 5585510, 1082212, 1038985, 857503]"
1495,1982,"[14106445, 16100266, 1082185, 901062, 1121384]"
1496,1983,"[885290, 1046957, 950206, 913210, 8065410]"
1497,1985,"[1106523, 837969, 944938, 8116306, 5569230]"
1498,1987,"[1106523, 1029743, 986912, 1070820, 1126899]"
1499,1988,"[965041, 1106523, 973916, 1101706, 8090537]"
1500,1989,"[880150, 15972298, 841220, 1101706, 846823]"
1501,1990,"[1029743, 1126899, 1081177, 1037332, 1024306]"
1502,1991,[]
1503,1992,[]
1504,1993,"[986912, 926422, 883003, 5568729, 933067]"
1505,1994,"[1110843, 1091365, 1126899, 839419, 1007136]"
1506,1995,"[901062, 13003101, 929018, 1137507, 9677236]"
1507,1996,"[1126899, 5569230, 5569471, 926905, 906838]"
1508,1997,"[1051468, 834158, 10344585, 976199, 1126294]"
1509,1998,"[5592931, 1106523, 1029743, 5569471, 5569230]"
1510,1999,"[1029743, 1005186, 1106523, 1110843, 957232]"
1511,2000,"[5569172, 1050851, 998119, 1029743, 1106523]"
1512,2001,"[889509, 934172, 1083446, 1138443, 823099]"
1513,2003,"[867547, 10344585, 857503, 5569471, 1018339]"
1514,2004,"[883932, 1075170, 9655212, 898121, 1013167]"
1515,2005,"[986912, 1122358, 1019247, 1134483, 946839]"
1516,2006,"[916993, 857503, 9677236, 5569471, 1135258]"
1517,2007,"[1106523, 1064574, 857348, 1092303, 835618]"
1518,2008,"[1126899, 936830, 1065979, 913210, 8090509]"
1519,2010,"[826666, 880150, 871514, 5564901, 5567502]"
1520,2011,"[1118479, 909268, 999563, 1029743, 1106523]"
1521,2012,"[1106523, 6633224, 1036486, 1051283, 833940]"
1522,2014,"[1103808, 1022254, 5588161, 948086, 1025611]"
1523,2015,"[865456, 1102067, 9487885, 865528, 940947]"
1524,2016,"[1075175, 1026118, 1019247, 1137775, 1013928]"
1525,2017,"[851066, 14106445, 920109, 983584, 1070820]"
1526,2018,"[1082185, 1106523, 857130, 1060408, 924352]"
1527,2019,"[990869, 856818, 9884698, 835300, 10344585]"
1528,2020,"[1036486, 832513, 948832, 6602697, 9575582]"
1529,2021,"[951590, 937292, 9835223, 1081177, 1103808]"
1530,2022,"[1082185, 984680, 1098844, 854852, 1017127]"
1531,2023,"[819927, 10344585, 823721, 8090509, 8090513]"
1532,2025,"[913144, 1121384, 844179, 5569230, 1106523]"
1533,2026,"[12810393, 916122, 993638, 1106523, 1029743]"
1534,2027,"[990453, 1005186, 946839, 1092937, 969568]"
1535,2028,"[895295, 882190, 5569230, 8090509, 1097661]"
1536,2029,"[1072523, 1081177, 913144, 913210, 1079987]"
1537,2030,"[5569471, 1062002, 971922, 909268, 898867]"
1538,2031,"[1044078, 899624, 878996, 844179, 1081177]"
1539,2032,"[1029743, 1106523, 5569230, 1070820, 1126899]"
1540,2033,"[1024306, 885290, 1016800, 1000237, 909714]"
1541,2034,"[993379, 849297, 1126899, 916122, 924352]"
1542,2036,"[1126899, 878996, 885290, 1024306, 14106445]"
1543,2037,"[1029743, 1018007, 5591170, 12695224, 896613]"
1544,2038,"[820321, 1021715, 12262992, 1138443, 1088683]"
1545,2039,"[6039859, 1021116, 1082185, 1124695, 8090537]"
1546,2040,"[1029743, 1063207, 1106523, 1091365, 1043663]"
1547,2041,"[1088771, 863447, 1008814, 917033, 1074333]"
1548,2042,"[901656, 1126899, 1048237, 8273950, 1118235]"
1549,2043,"[931255, 846417, 12301100, 940947, 999779]"
1550,2046,[]
1551,2047,"[1092303, 8090537, 1082990, 6533936, 883003]"
1552,2048,"[6391137, 9835509, 1106523, 973916, 8090537]"
1553,2049,"[1053016, 976199, 1029743, 916122, 1106523]"
1554,2050,"[5569230, 1075786, 1000753, 819978, 1036486]"
1555,2055,"[1097704, 1097661, 1112766, 976199, 1104343]"
1556,2056,"[1106523, 8090521, 1000237, 1043494, 1121603]"
1557,2057,"[1070820, 1101010, 9245108, 913210, 1134483]"
1558,2058,"[1000237, 12731436, 872137, 1062002, 1138443]"
1559,2059,"[1126899, 5569230, 13506200, 5569845, 1031316]"
1560,2060,"[1071302, 6534077, 1005186, 986912, 8090521]"
1561,2062,"[1026118, 5568729, 1070702, 1014948, 1033142]"
1562,2063,"[1051516, 1005186, 1058214, 986912, 1136375]"
1563,2064,"[1005186, 866548, 878715, 1006483, 879734]"
1564,2065,"[996087, 895680, 8090521, 8090537, 12811532]"
1565,2068,"[847573, 880150, 956902, 13506200, 1070820]"
1566,2070,"[865456, 1021116, 12810391, 933067, 913210]"
1567,2071,"[922561, 12301839, 1044078, 8090537, 862010]"
1568,2072,[]
1569,2075,"[949023, 1043663, 1107973, 925862, 1014732]"
1570,2076,"[835098, 1098844, 963868, 863447, 1059823]"
1571,2077,"[1106523, 890909, 896613, 6463742, 5592261]"
1572,2079,"[1106523, 1082185, 1026118, 1059902, 8090521]"
1573,2080,"[1043920, 1106523, 5568378, 8090537, 8090521]"
1574,2081,[]
1575,2082,"[1115175, 930118, 970747, 1116741, 970160]"
1576,2083,"[6533681, 1070820, 1005186, 925862, 851569]"
1577,2084,"[5569471, 6034857, 5569135, 938118, 972665]"
1578,2085,"[983584, 832513, 1101010, 823704, 952972]"
1579,2086,"[1082185, 841309, 944137, 880150, 12810391]"
1580,2087,"[6039687, 865705, 1137688, 8090521, 1037332]"
1581,2088,"[1128016, 5569327, 1067606, 867272, 1050851]"
1582,2089,"[1126899, 1029743, 1106523, 5569471, 6463724]"
1583,2090,"[1131506, 5567601, 6602697, 9297615, 916122]"
1584,2091,[]
1585,2094,"[1082185, 8293343, 1070820, 916993, 847573]"
1586,2095,"[1068719, 5569327, 5569135, 941856, 1005186]"
1587,2099,"[1029743, 1092937, 1070820, 1004906, 1106523]"
1588,2100,"[895166, 841309, 871570, 887474, 847573]"
1589,2101,"[983584, 5569230, 1081177, 1048352, 940947]"
1590,2102,"[1134414, 1045710, 1135834, 940947, 882604]"
1591,2103,[]
1592,2105,[]
1593,2108,"[6534074, 6533936, 1018822, 1106523, 10344585]"
1594,2109,"[950894, 893018, 937292, 1120928, 999270]"
1595,2110,"[1098844, 6034857, 8066803, 1005456, 12428017]"
1596,2111,"[1127716, 5569471, 8090532, 6602590, 5569230]"
1597,2112,"[1126899, 12987975, 1082212, 9245106, 831063]"
1598,2114,"[885290, 1122545, 1112238, 1005186, 878996]"
1599,2115,"[1102003, 1070820, 1093697, 1029125, 5569471]"
1600,2116,"[1098844, 1070820, 1013389, 1105917, 964520]"
1601,2119,"[1056267, 1046584, 965766, 970747, 8292958]"
1602,2120,"[5568378, 1029743, 1106523, 1081177, 1070820]"
1603,2121,"[976199, 5569230, 5585510, 8090532, 864279]"
1604,2122,"[1081177, 901062, 1126895, 845208, 983584]"
1605,2123,"[1024306, 957232, 1076199, 823641, 824180]"
1606,2124,"[6602697, 1106523, 1096563, 9856740, 1126899]"
1607,2125,"[1029743, 933067, 1068291, 882247, 976199]"
1608,2126,"[948495, 994685, 976199, 1104343, 1126711]"
1609,2129,"[1029743, 866355, 6039859, 1081177, 5569471]"
1610,2130,"[1106523, 976199, 1024319, 921504, 1045228]"
1611,2131,"[1037631, 965766, 5569230, 1086001, 5569471]"
1612,2132,"[1112238, 866211, 879506, 1115175, 878996]"
1613,2133,"[9803810, 1126899, 904105, 8090546, 1019247]"
1614,2134,"[1098844, 863447, 908318, 9526448, 1051468]"
1615,2135,[]
1616,2136,"[1024306, 901062, 938300, 916758, 951412]"
1617,2137,"[12302069, 1127758, 910673, 871611, 909714]"
1618,2138,"[939546, 8065410, 1083446, 864335, 913210]"
1619,2139,"[933835, 885290, 8177622, 5569374, 1055155]"
1620,2141,"[1070820, 1014116, 983753, 1101980, 933835]"
1621,2142,"[1110244, 913210, 923169, 9297474, 1111786]"
1622,2145,"[6391080, 1001827, 1060408, 866211, 5569374]"
1623,2146,"[924967, 944836, 8019649, 973135, 1132771]"
1624,2147,"[933835, 848319, 1106523, 1013389, 12811532]"
1625,2148,"[9707240, 1106523, 1101010, 913210, 5569230]"
1626,2149,"[1082185, 1106523, 849202, 910473, 1129049]"
1627,2151,[]
1628,2153,"[13841744, 1058709, 926905, 972931, 1005186]"
1629,2154,"[1026235, 901062, 1101010, 5569374, 956486]"
1630,2155,[]
1631,2156,"[965889, 913210, 1122358, 1016276, 8090537]"
1632,2158,"[907631, 1046584, 986912, 898342, 913210]"
1633,2159,"[1038745, 8090537, 922561, 1051323, 839656]"
1634,2160,"[12262978, 1070702, 7169089, 1106523, 1070820]"
1635,2161,"[958208, 976214, 951176, 880150, 9296919]"
1636,2162,"[987311, 1110244, 847241, 1076199, 866355]"
1637,2163,[]
1638,2167,[]
1639,2168,"[856252, 844179, 865456, 8090521, 1116253]"
1640,2169,[]
1641,2170,"[5569230, 933835, 8090537, 8090521, 5569374]"
1642,2171,"[974336, 976214, 872177, 1023196, 965766]"
1643,2172,"[977798, 1104343, 1115576, 1045710, 1094924]"
1644,2173,"[1062002, 902172, 913210, 1132771, 5590613]"
1645,2174,"[961979, 1005186, 6039859, 983584, 1081177]"
1646,2175,"[823990, 5568378, 1106523, 1029743, 933835]"
1647,2176,[]
1648,2179,"[933067, 1019247, 883003, 8090440, 12731714]"
1649,2181,"[1009187, 9187298, 901776, 1104343, 7168026]"
1650,2182,"[892500, 6464180, 1029743, 1106523, 5569230]"
1651,2183,"[1062002, 948670, 1022254, 1136375, 1051323]"
1652,2184,"[1010681, 1005186, 1106523, 8090521, 1056509]"
1653,2185,"[820923, 5566309, 863447, 879699, 972665]"
1654,2186,"[8090521, 1101010, 1136033, 821741, 1075368]"
1655,2188,"[1106523, 819978, 12262992, 9926758, 896085]"
1656,2189,"[1082185, 983584, 5569230, 1062002, 913210]"
1657,2190,"[865456, 12731432, 9926758, 831628, 6602590]"
1658,2193,"[1070820, 913210, 909268, 5569845, 8090537]"
1659,2194,"[866211, 1042571, 845307, 945909, 1003649]"
1660,2195,"[1126899, 1101706, 1000237, 940947, 909268]"
1661,2196,"[13213240, 1027835, 986912, 5569374, 8293382]"
1662,2197,"[5569230, 5569471, 1106523, 1029743, 8090521]"
1663,2198,"[873044, 1013928, 892573, 865026, 913210]"
1664,2199,"[1060408, 924967, 1070820, 1126899, 916993]"
1665,2200,"[6773232, 823704, 8291322, 6391086, 919534]"
1666,2202,[]
1667,2203,"[7025094, 12731436, 913210, 1110843, 1061982]"
1668,2204,"[12695224, 1044078, 1093413, 1004906, 895930]"
1669,2205,[]
1670,2206,"[1029743, 1106523, 1070820, 1126899, 1004906]"
1671,2207,"[1110843, 1026118, 986912, 9297062, 1095587]"
1672,2208,"[865456, 1124695, 894401, 832678, 880150]"
1673,2209,"[828393, 9521679, 1076187, 885290, 9524291]"
1674,2211,"[1070820, 1060408, 1126899, 13381584, 5569471]"
1675,2212,[]
1676,2213,"[1126899, 1070820, 1104343, 10344585, 1000237]"
1677,2214,"[983584, 1104343, 1029743, 1106523, 5569230]"
1678,2215,"[13506119, 1128240, 880150, 5585510, 1075368]"
1679,2217,"[1092588, 9338009, 8090521, 1039627, 1026118]"
1680,2221,"[1031087, 1126899, 1120261, 1050851, 913210]"
1681,2222,"[1070782, 5569230, 949965, 914577, 972191]"
1682,2223,"[999779, 6602697, 1138443, 1013928, 910673]"
1683,2224,"[1097761, 1095587, 1129610, 1031087, 923670]"
1684,2225,"[9483753, 6513713, 1126899, 5569471, 916122]"
1685,2226,"[1110843, 1126899, 1005186, 1091365, 1028422]"
1686,2228,[]
1687,2229,"[1034176, 870315, 5592610, 880427, 824305]"
1688,2231,"[1126899, 1122358, 1055504, 944836, 1110409]"
1689,2233,"[1046756, 13003101, 1068291, 1117219, 9835509]"
1690,2234,"[13003101, 1104343, 1009187, 901776, 1121694]"
1691,2235,"[857130, 976199, 5569792, 901776, 5569845]"
1692,2237,"[976199, 844697, 913210, 1129049, 849202]"
1693,2238,"[6391080, 1101010, 1127758, 869047, 5590613]"
1694,2239,[]
1695,2240,"[826666, 5568378, 5569230, 1106523, 883819]"
1696,2241,"[993638, 1122358, 5569471, 5569230, 12757316]"
1697,2243,"[959316, 12731432, 901776, 994577, 8119302]"
1698,2244,"[5569327, 948670, 12695224, 846823, 825365]"
1699,2245,"[862318, 1044078, 846417, 931255, 1062002]"
1700,2247,"[1042544, 1110843, 863447, 1065538, 13003092]"
1701,2248,"[987122, 1035691, 892376, 1020404, 893018]"
1702,2250,"[983584, 8090521, 8177622, 999858, 8090513]"
1703,2252,"[1103808, 839766, 1104343, 1098844, 1046584]"
1704,2253,[]
1705,2256,"[976199, 1029743, 857503, 1106523, 5569230]"
1706,2257,"[1104349, 925862, 1116376, 1029743, 1106523]"
1707,2258,[]
1708,2260,"[5568758, 1024319, 993638, 957736, 972665]"
1709,2261,"[901397, 6039859, 1106523, 983584, 849297]"
1710,2262,"[893018, 1019247, 1122358, 965766, 825365]"
1711,2263,"[1031087, 6602697, 986912, 1009187, 1078652]"
1712,2264,"[1126899, 995965, 5565925, 9487463, 10457044]"
1713,2266,"[6602697, 916993, 1104343, 923789, 998444]"
1714,2267,"[1126899, 913210, 6514160, 992730, 892376]"
1715,2269,"[899624, 1046584, 823704, 5569230, 1055155]"
1716,2270,"[1005186, 6534077, 1035676, 5569845, 1070702]"
1717,2271,[]
1718,2272,"[840227, 1045586, 920191, 856942, 1005274]"
1719,2273,"[825170, 1082185, 5568732, 6602729, 1009187]"
1720,2274,"[12810391, 863762, 947858, 986912, 12810389]"
1721,2275,"[899624, 1134483, 916122, 1044078, 9245106]"
1722,2276,"[843111, 1048299, 5565925, 1138443, 1054539]"
1723,2277,"[5569471, 8090521, 1051323, 8090537, 1101589]"
1724,2278,"[1022254, 1018818, 1024319, 1070820, 925862]"
1725,2279,"[1121360, 8090537, 933067, 880150, 13073175]"
1726,2280,"[1070820, 1082990, 5569230, 9677366, 5568447]"
1727,2281,"[1046756, 6034857, 13073175, 913210, 998352]"
1728,2282,"[10457590, 833724, 1029743, 1070820, 1106523]"
1729,2283,"[5568447, 825703, 970866, 972235, 1010681]"
1730,2284,"[1070820, 9677670, 1046756, 6514160, 6533368]"
1731,2285,"[1134633, 991874, 857503, 1000237, 5569471]"
1732,2287,"[1082212, 1029743, 1024306, 971922, 1027168]"
1733,2288,"[825365, 1126899, 986912, 1027168, 926905]"
1734,2289,"[984680, 924967, 1005274, 895295, 913210]"
1735,2290,"[1029743, 1106523, 9802981, 5569230, 892531]"
1736,2291,"[986912, 1029743, 1106523, 5569845, 5569230]"
1737,2292,"[15926844, 880895, 922847, 1118033, 1029743]"
1738,2293,[]
1739,2294,"[1082185, 957063, 12731701, 1106523, 1126899]"
1740,2295,"[950206, 1056509, 983584, 1038663, 976199]"
1741,2296,"[856252, 1134810, 9881593, 12810391, 7139529]"
1742,2297,"[993638, 1004906, 857503, 986912, 899624]"
1743,2298,"[826666, 1110743, 1092937, 8090541, 999779]"
1744,2299,"[1091858, 834491, 6602697, 5568729, 1082212]"
1745,2300,"[819308, 8273833, 6514160, 973916, 10344585]"
1746,2301,"[13158064, 1057749, 8090521, 8090513, 1138292]"
1747,2302,"[1136732, 823704, 862335, 911017, 916993]"
1748,2303,"[5569230, 1138443, 9245106, 8090509, 8090440]"
1749,2305,"[1064213, 983584, 1056509, 1096261, 1069039]"
1750,2307,"[1138443, 883003, 1070845, 906844, 1006184]"
1751,2308,"[1005186, 916122, 1112238, 1044078, 839656]"
1752,2310,"[933067, 885290, 1043494, 12946027, 999779]"
1753,2312,"[6034857, 13071902, 9245106, 1070820, 916122]"
1754,2314,"[1126899, 1070845, 1048257, 996028, 985999]"
1755,2315,[]
1756,2317,"[1082185, 1040807, 971922, 1098844, 1127831]"
1757,2319,"[1029743, 5569230, 1122358, 5569845, 5570383]"
1758,2322,"[1112238, 1115098, 1127831, 1082185, 901656]"
1759,2323,"[1005186, 1004906, 899624, 901062, 986912]"
1760,2324,"[909714, 938118, 1104343, 946839, 885290]"
1761,2328,"[908318, 1127831, 882247, 1055425, 1087268]"
1762,2330,"[834158, 13158992, 1056509, 959316, 830526]"
1763,2331,"[925364, 856252, 5569471, 890695, 844179]"
1764,2333,"[878996, 1029743, 1004906, 866211, 6443350]"
1765,2334,"[1068291, 1042438, 1093490, 1070272, 1110843]"
1766,2335,"[1103808, 1008288, 12302069, 1019247, 1122358]"
1767,2336,"[5569471, 891632, 5569327, 1081177, 5568378]"
1768,2337,"[1121360, 1012587, 997011, 1052975, 935993]"
1769,2338,"[1101706, 839656, 1082990, 986912, 13210025]"
1770,2339,"[1029743, 1106523, 866211, 913210, 910673]"
1771,2340,[]
1772,2341,"[9526572, 1106523, 1044078, 1055168, 5569471]"
1773,2342,"[12262978, 12810391, 823990, 866548, 7166865]"
1774,2343,"[15831255, 8090521, 916122, 892728, 5569327]"
1775,2344,"[5569230, 1056509, 12810391, 1095587, 1132771]"
1776,2345,"[933354, 849505, 1004436, 5569230, 922636]"
1777,2347,"[1065538, 845914, 821741, 8090521, 5569230]"
1778,2349,"[1070820, 6533362, 889533, 1035691, 1082185]"
1779,2350,"[871514, 883003, 844179, 824193, 966684]"
1780,2351,"[9835509, 825703, 1082990, 13213240, 864335]"
1781,2352,"[909714, 1101706, 999779, 872137, 839419]"
1782,2354,"[944836, 1126899, 897954, 8293385, 913210]"
1783,2359,"[1106523, 965766, 1044078, 1122358, 6464180]"
1784,2360,"[1029743, 933067, 909714, 976199, 971922]"
1785,2361,"[1126899, 902172, 898121, 12811532, 865511]"
1786,2363,"[1106523, 1029743, 944137, 879280, 1070820]"
1787,2364,"[1004906, 6034857, 899624, 5568378, 940947]"
1788,2366,"[1004906, 12326050, 1012701, 913210, 849202]"
1789,2368,"[933067, 1138443, 862010, 949965, 844179]"
1790,2369,"[1128812, 1053530, 1062002, 1060408, 1138443]"
1791,2370,"[1070820, 847573, 825365, 5569471, 6443350]"
1792,2372,"[851066, 10344585, 5569845, 15972298, 1065979]"
1793,2373,"[1029743, 1106523, 1126899, 1070820, 1122358]"
1794,2374,"[9526630, 1070820, 948670, 12810391, 863447]"
1795,2375,"[899624, 1082185, 970747, 1046545, 5585510]"
1796,2376,"[1057168, 12301109, 1046957, 6534077, 1005186]"
1797,2377,"[1055168, 1093490, 1029743, 880895, 962671]"
1798,2378,"[5574409, 7139529, 933835, 1100972, 8090440]"
1799,2379,"[1101706, 1018769, 7139529, 860248, 5569327]"
1800,2380,"[1029743, 1060408, 8069336, 970605, 12757316]"
1801,2381,"[895930, 941883, 1093413, 890695, 9546982]"
1802,2385,[]
1803,2386,"[1029743, 1009187, 1106523, 1050851, 1070820]"
1804,2387,"[940947, 1029743, 1106523, 885290, 1126899]"
1805,2388,"[863447, 1058709, 896862, 9884698, 847573]"
1806,2389,"[1122358, 12946027, 5568378, 893018, 871611]"
1807,2392,"[1068719, 1058214, 965766, 13003092, 1119860]"
1808,2393,"[847207, 976199, 1094924, 1024032, 944836]"
1809,2394,"[1005186, 986912, 1106523, 906838, 1044078]"
1810,2395,"[12301100, 5569230, 13002975, 8090537, 5587656]"
1811,2397,[]
1812,2399,"[1029743, 6463724, 1106523, 993638, 1070820]"
1813,2400,"[969866, 1005186, 838186, 854900, 6534480]"
1814,2401,"[845208, 878996, 1106523, 1029743, 1070820]"
1815,2404,"[983584, 1029743, 1070820, 1126899, 1106523]"
1816,2405,"[1091383, 987122, 936914, 6602697, 6904666]"
1817,2406,"[9245108, 1126899, 878996, 949294, 910109]"
1818,2407,"[878442, 5569471, 1008814, 5569374, 1082185]"
1819,2408,"[1117899, 946995, 908318, 938138, 9527159]"
1820,2410,"[1070820, 5569230, 5569471, 1037840, 1108094]"
1821,2412,"[13841744, 849297, 9836106, 1092937, 1101010]"
1822,2416,"[12810391, 842698, 1139782, 978077, 1098844]"
1823,2418,"[1013407, 1029743, 9245108, 1005186, 1037337]"
1824,2420,"[13002975, 9835223, 13506119, 6904666, 12731714]"
1825,2421,"[857348, 1138443, 1021715, 1040807, 909714]"
1826,2424,"[6034857, 913210, 936830, 1056212, 916993]"
1827,2425,"[1133254, 918676, 1070820, 6979579, 1061982]"
1828,2426,"[958208, 1029743, 1058404, 12384779, 825365]"
1829,2427,"[856252, 5565925, 923169, 875392, 1054539]"
1830,2429,[]
1831,2431,"[1004906, 6534077, 1029743, 1106523, 845208]"
1832,2434,[]
1833,2435,"[12810391, 1054402, 6548453, 901062, 15831255]"
1834,2437,"[7409618, 7409644, 885290, 1070820, 946839]"
1835,2438,"[951412, 8090556, 1101706, 1004906, 899624]"
1836,2439,[]
1837,2440,"[1068292, 930666, 972143, 1092937, 956486]"
1838,2441,"[898121, 948670, 1029743, 1021519, 1130375]"
1839,2442,"[860248, 1029743, 1098284, 1106523, 7442180]"
1840,2445,"[1003158, 969568, 9677236, 6464147, 8090521]"
1841,2446,"[1000542, 1044259, 938118, 1126899, 990797]"
1842,2447,"[883186, 5578547, 1127831, 948298, 859427]"
1843,2448,"[882305, 7168057, 1006252, 9420314, 1054402]"
1844,2449,"[1013167, 6514160, 1115098, 932863, 6979803]"
1845,2450,"[9856740, 1135476, 1070820, 5569471, 1022254]"
1846,2451,"[901397, 6534030, 948670, 1018822, 854754]"
1847,2452,"[5568378, 1068292, 1005186, 910673, 956486]"
1848,2453,"[1070820, 976199, 1110843, 9245106, 1136719]"
1849,2455,"[1029743, 5569471, 6514160, 5569374, 1050851]"
1850,2456,"[946839, 1099089, 891118, 854405, 6514160]"
1851,2457,"[856252, 1138443, 976199, 901062, 819978]"
1852,2458,"[1013167, 892376, 965842, 1041796, 885290]"
1853,2459,"[1074040, 847573, 1135468, 973916, 1050851]"
1854,2460,"[1021324, 5569471, 1005186, 5569230, 1082627]"
1855,2461,"[1098844, 6514160, 1022254, 1091520, 892503]"
1856,2462,"[979707, 901062, 882247, 829852, 6034857]"
1857,2464,"[1029743, 5569471, 1106523, 1051211, 6602590]"
1858,2465,"[986912, 856252, 10344585, 5591170, 1009187]"
1859,2466,"[885290, 1013167, 984680, 936914, 5568732]"
1860,2467,"[9835509, 944836, 909714, 1126899, 1055425]"
1861,2470,"[986912, 878996, 13073175, 940947, 950894]"
1862,2471,"[1104343, 1004906, 878996, 899624, 1081177]"
1863,2472,"[1082185, 1005186, 979452, 1122358, 854405]"
1864,2475,"[839208, 837969, 918598, 969941, 15972298]"
1865,2477,[]
1866,2478,"[979707, 965766, 1125391, 1051211, 999104]"
1867,2479,"[1134810, 1070272, 995965, 934172, 1056973]"
1868,2481,"[1029743, 865456, 12810391, 888104, 1056509]"
1869,2482,"[8019649, 944139, 1082185, 1051323, 983584]"
1870,2483,"[1131625, 1040346, 948832, 6533936, 1130375]"
1871,2484,"[896613, 863447, 878715, 871514, 913210]"
1872,2485,"[1083446, 6602697, 1098844, 910032, 5569471]"
1873,2486,"[9245106, 8090521, 823704, 5569845, 12648296]"
1874,2488,"[906838, 891961, 972665, 916122, 1130375]"
1875,2489,"[9338009, 843464, 901062, 9420314, 1121360]"
1876,2492,"[912004, 888054, 944139, 1070272, 1106523]"
1877,2494,"[6548453, 865456, 5569471, 1098844, 906838]"
1878,2496,"[1056509, 5569230, 999858, 916122, 899624]"
1879,2497,"[1135834, 12731436, 1081262, 1010950, 8090546]"
1880,2498,"[901776, 1022066, 849578, 1070820, 895680]"
1881,2499,"[1060872, 5570048, 1070820, 5569327, 5568378]"
1882,2500,"[10204556, 882305, 899019, 6534030, 854405]"
